filename,label,original_file,duration_sec
mixed_sound_749.wav,1,mixed_sound_749.wav,3.0
mixed_sound_704.wav,1,mixed_sound_704.wav,3.0
mixed_sound_318_1.wav,1,mixed_sound_318_1.wav,3.0
mixed_sound_699.wav,1,mixed_sound_699.wav,3.0
mixed_sound_745.wav,1,mixed_sound_745.wav,3.0
mixed_sound_264_1.wav,1,mixed_sound_264_1.wav,3.0
sound_189_1.wav,1,sound_189_1.wav,3.0
ambulance889.wav,1,ambulance889.wav,3.0
mixed_sound_774.wav,1,mixed_sound_774.wav,3.0
mixed_sound_743.wav,1,mixed_sound_743.wav,3.0
sound_813.wav,1,sound_813.wav,3.0
sound_211.wav,1,sound_211.wav,3.0
mixed_sound_354_1.wav,1,mixed_sound_354_1.wav,3.0
mixed_sound_691.wav,1,mixed_sound_691.wav,3.0
mixed_sound_225.wav,1,mixed_sound_225.wav,3.0
sound_307.wav,1,sound_307.wav,3.0
mixed_sound_773.wav,1,mixed_sound_773.wav,3.0
mixed_sound_236_1.wav,1,mixed_sound_236_1.wav,3.0
mixed_sound_760_1.wav,1,mixed_sound_760_1.wav,3.0
mixed_sound_379_1.wav,1,mixed_sound_379_1.wav,3.0
mixed_sound_270_1.wav,1,mixed_sound_270_1.wav,3.0
mixed_sound_362.wav,1,mixed_sound_362.wav,3.0
sound_280.wav,1,sound_280.wav,3.0
sound_396_1.wav,1,sound_396_1.wav,3.0
sound_375.wav,1,sound_375.wav,3.0
sound_241.wav,1,sound_241.wav,3.0
mixed_sound_686_1.wav,1,mixed_sound_686_1.wav,3.0
mixed_sound_707.wav,1,mixed_sound_707.wav,3.0
mixed_sound_286_1.wav,1,mixed_sound_286_1.wav,3.0
sound_805.wav,1,sound_805.wav,3.0
mixed_sound_204.wav,1,mixed_sound_204.wav,3.0
ambulance892.wav,1,ambulance892.wav,3.0
mixed_sound_688_1.wav,1,mixed_sound_688_1.wav,3.0
sound_381_1.wav,1,sound_381_1.wav,3.0
mixed_sound_816_1.wav,1,mixed_sound_816_1.wav,3.0
sound_375_1.wav,1,sound_375_1.wav,3.0
mixed_sound_811_1.wav,1,mixed_sound_811_1.wav,3.0
mixed_sound_348.wav,1,mixed_sound_348.wav,3.0
sound_115.wav,1,sound_115.wav,3.0
sound_134.wav,1,sound_134.wav,3.0
sound_226.wav,1,sound_226.wav,3.0
sound_823_1.wav,1,sound_823_1.wav,3.0
mixed_sound_687.wav,1,mixed_sound_687.wav,3.0
mixed_sound_709_1.wav,1,mixed_sound_709_1.wav,3.0
mixed_sound_710.wav,1,mixed_sound_710.wav,3.0
sound_801_1.wav,1,sound_801_1.wav,3.0
mixed_sound_275_1.wav,1,mixed_sound_275_1.wav,3.0
mixed_sound_749_1.wav,1,mixed_sound_749_1.wav,3.0
sound_180_1.wav,1,sound_180_1.wav,3.0
mixed_sound_721_1.wav,1,mixed_sound_721_1.wav,3.0
sound_808.wav,1,sound_808.wav,3.0
mixed_sound_754_1.wav,1,mixed_sound_754_1.wav,3.0
sound_173.wav,1,sound_173.wav,3.0
mixed_sound_750_1.wav,1,mixed_sound_750_1.wav,3.0
mixed_sound_296_1.wav,1,mixed_sound_296_1.wav,3.0
mixed_sound_248.wav,1,mixed_sound_248.wav,3.0
mixed_sound_360_1.wav,1,mixed_sound_360_1.wav,3.0
sound_135.wav,1,sound_135.wav,3.0
mixed_sound_349_1.wav,1,mixed_sound_349_1.wav,3.0
mixed_sound_310.wav,1,mixed_sound_310.wav,3.0
sound_238.wav,1,sound_238.wav,3.0
sound_392_1.wav,1,sound_392_1.wav,3.0
mixed_sound_250.wav,1,mixed_sound_250.wav,3.0
mixed_sound_294.wav,1,mixed_sound_294.wav,3.0
mixed_sound_742.wav,1,mixed_sound_742.wav,3.0
mixed_sound_309.wav,1,mixed_sound_309.wav,3.0
sound_355_1.wav,1,sound_355_1.wav,3.0
sound_187_1.wav,1,sound_187_1.wav,3.0
sound_383.wav,1,sound_383.wav,3.0
mixed_sound_814.wav,1,mixed_sound_814.wav,3.0
mixed_sound_207.wav,1,mixed_sound_207.wav,3.0
mixed_sound_820_1.wav,1,mixed_sound_820_1.wav,3.0
mixed_sound_266_1.wav,1,mixed_sound_266_1.wav,3.0
mixed_sound_766.wav,1,mixed_sound_766.wav,3.0
sound_139.wav,1,sound_139.wav,3.0
ambulance864.wav,1,ambulance864.wav,3.0
sound_799_1.wav,1,sound_799_1.wav,3.0
sound_153.wav,1,sound_153.wav,3.0
mixed_sound_735_1.wav,1,mixed_sound_735_1.wav,3.0
mixed_sound_246.wav,1,mixed_sound_246.wav,3.0
mixed_sound_278_1.wav,1,mixed_sound_278_1.wav,3.0
mixed_sound_378.wav,1,mixed_sound_378.wav,3.0
mixed_sound_203_1.wav,1,mixed_sound_203_1.wav,3.0
mixed_sound_708_1.wav,1,mixed_sound_708_1.wav,3.0
mixed_sound_689.wav,1,mixed_sound_689.wav,3.0
mixed_sound_307.wav,1,mixed_sound_307.wav,3.0
mixed_sound_336.wav,1,mixed_sound_336.wav,3.0
mixed_sound_784.wav,1,mixed_sound_784.wav,3.0
mixed_sound_797.wav,1,mixed_sound_797.wav,3.0
mixed_sound_741_1.wav,1,mixed_sound_741_1.wav,3.0
mixed_sound_288.wav,1,mixed_sound_288.wav,3.0
mixed_sound_685.wav,1,mixed_sound_685.wav,3.0
mixed_sound_747.wav,1,mixed_sound_747.wav,3.0
mixed_sound_815_1.wav,1,mixed_sound_815_1.wav,3.0
sound_791.wav,1,sound_791.wav,3.0
ambulance906.wav,1,ambulance906.wav,3.0
mixed_sound_316.wav,1,mixed_sound_316.wav,3.0
sound_240.wav,1,sound_240.wav,3.0
sound_107.wav,1,sound_107.wav,3.0
mixed_sound_267_1.wav,1,mixed_sound_267_1.wav,3.0
sound_301.wav,1,sound_301.wav,3.0
mixed_sound_203.wav,1,mixed_sound_203.wav,3.0
mixed_sound_774_1.wav,1,mixed_sound_774_1.wav,3.0
ambulance863.wav,1,ambulance863.wav,3.0
sound_126.wav,1,sound_126.wav,3.0
mixed_sound_208_1.wav,1,mixed_sound_208_1.wav,3.0
sound_227.wav,1,sound_227.wav,3.0
sound_141.wav,1,sound_141.wav,3.0
mixed_sound_264.wav,1,mixed_sound_264.wav,3.0
mixed_sound_380_1.wav,1,mixed_sound_380_1.wav,3.0
sound_130.wav,1,sound_130.wav,3.0
sound_354.wav,1,sound_354.wav,3.0
mixed_sound_249_1.wav,1,mixed_sound_249_1.wav,3.0
sound_395.wav,1,sound_395.wav,3.0
mixed_sound_209_1.wav,1,mixed_sound_209_1.wav,3.0
mixed_sound_692.wav,1,mixed_sound_692.wav,3.0
sound_365.wav,1,sound_365.wav,3.0
sound_784.wav,1,sound_784.wav,3.0
mixed_sound_363_1.wav,1,mixed_sound_363_1.wav,3.0
mixed_sound_372_1.wav,1,mixed_sound_372_1.wav,3.0
sound_821_1.wav,1,sound_821_1.wav,3.0
sound_166.wav,1,sound_166.wav,3.0
mixed_sound_758.wav,1,mixed_sound_758.wav,3.0
mixed_sound_777.wav,1,mixed_sound_777.wav,3.0
mixed_sound_768.wav,1,mixed_sound_768.wav,3.0
mixed_sound_727.wav,1,mixed_sound_727.wav,3.0
mixed_sound_291.wav,1,mixed_sound_291.wav,3.0
mixed_sound_778.wav,1,mixed_sound_778.wav,3.0
mixed_sound_287.wav,1,mixed_sound_287.wav,3.0
sound_118.wav,1,sound_118.wav,3.0
mixed_sound_733_1.wav,1,mixed_sound_733_1.wav,3.0
mixed_sound_236.wav,1,mixed_sound_236.wav,3.0
sound_384_1.wav,1,sound_384_1.wav,3.0
sound_819.wav,1,sound_819.wav,3.0
sound_272.wav,1,sound_272.wav,3.0
mixed_sound_820.wav,1,mixed_sound_820.wav,3.0
sound_181.wav,1,sound_181.wav,3.0
sound_374_1.wav,1,sound_374_1.wav,3.0
sound_298.wav,1,sound_298.wav,3.0
mixed_sound_333_1.wav,1,mixed_sound_333_1.wav,3.0
mixed_sound_693.wav,1,mixed_sound_693.wav,3.0
mixed_sound_278.wav,1,mixed_sound_278.wav,3.0
sound_802.wav,1,sound_802.wav,3.0
mixed_sound_365_1.wav,1,mixed_sound_365_1.wav,3.0
sound_398_1.wav,1,sound_398_1.wav,3.0
mixed_sound_253_1.wav,1,mixed_sound_253_1.wav,3.0
mixed_sound_827_1.wav,1,mixed_sound_827_1.wav,3.0
sound_257.wav,1,sound_257.wav,3.0
mixed_sound_763_1.wav,1,mixed_sound_763_1.wav,3.0
mixed_sound_795_1.wav,1,mixed_sound_795_1.wav,3.0
mixed_sound_354.wav,1,mixed_sound_354.wav,3.0
mixed_sound_239.wav,1,mixed_sound_239.wav,3.0
sound_797_1.wav,1,sound_797_1.wav,3.0
ambulance898.wav,1,ambulance898.wav,3.0
sound_175.wav,1,sound_175.wav,3.0
mixed_sound_218.wav,1,mixed_sound_218.wav,3.0
mixed_sound_728.wav,1,mixed_sound_728.wav,3.0
sound_804_1.wav,1,sound_804_1.wav,3.0
mixed_sound_267.wav,1,mixed_sound_267.wav,3.0
sound_796_1.wav,1,sound_796_1.wav,3.0
sound_269.wav,1,sound_269.wav,3.0
sound_810_1.wav,1,sound_810_1.wav,3.0
mixed_sound_723.wav,1,mixed_sound_723.wav,3.0
sound_782_1.wav,1,sound_782_1.wav,3.0
mixed_sound_322.wav,1,mixed_sound_322.wav,3.0
sound_171.wav,1,sound_171.wav,3.0
mixed_sound_752.wav,1,mixed_sound_752.wav,3.0
ambulance902.wav,1,ambulance902.wav,3.0
mixed_sound_718.wav,1,mixed_sound_718.wav,3.0
ambulance887.wav,1,ambulance887.wav,3.0
ambulance873.wav,1,ambulance873.wav,3.0
sound_154_1.wav,1,sound_154_1.wav,3.0
sound_244.wav,1,sound_244.wav,3.0
sound_232.wav,1,sound_232.wav,3.0
mixed_sound_220_1.wav,1,mixed_sound_220_1.wav,3.0
sound_191.wav,1,sound_191.wav,3.0
mixed_sound_204_1.wav,1,mixed_sound_204_1.wav,3.0
sound_795_1.wav,1,sound_795_1.wav,3.0
sound_219.wav,1,sound_219.wav,3.0
mixed_sound_732.wav,1,mixed_sound_732.wav,3.0
mixed_sound_280_1.wav,1,mixed_sound_280_1.wav,3.0
sound_825.wav,1,sound_825.wav,3.0
sound_377_1.wav,1,sound_377_1.wav,3.0
mixed_sound_724_1.wav,1,mixed_sound_724_1.wav,3.0
mixed_sound_703_1.wav,1,mixed_sound_703_1.wav,3.0
sound_147.wav,1,sound_147.wav,3.0
mixed_sound_764_1.wav,1,mixed_sound_764_1.wav,3.0
sound_368_1.wav,1,sound_368_1.wav,3.0
mixed_sound_375.wav,1,mixed_sound_375.wav,3.0
sound_371_1.wav,1,sound_371_1.wav,3.0
mixed_sound_807_1.wav,1,mixed_sound_807_1.wav,3.0
sound_380_1.wav,1,sound_380_1.wav,3.0
mixed_sound_328_1.wav,1,mixed_sound_328_1.wav,3.0
sound_390.wav,1,sound_390.wav,3.0
mixed_sound_291_1.wav,1,mixed_sound_291_1.wav,3.0
mixed_sound_238.wav,1,mixed_sound_238.wav,3.0
mixed_sound_698_1.wav,1,mixed_sound_698_1.wav,3.0
sound_214.wav,1,sound_214.wav,3.0
mixed_sound_810.wav,1,mixed_sound_810.wav,3.0
ambulance901.wav,1,ambulance901.wav,3.0
ambulance860.wav,1,ambulance860.wav,3.0
mixed_sound_762.wav,1,mixed_sound_762.wav,3.0
sound_172_1.wav,1,sound_172_1.wav,3.0
mixed_sound_228_1.wav,1,mixed_sound_228_1.wav,3.0
sound_229.wav,1,sound_229.wav,3.0
sound_299.wav,1,sound_299.wav,3.0
sound_192_1.wav,1,sound_192_1.wav,3.0
sound_165.wav,1,sound_165.wav,3.0
mixed_sound_254.wav,1,mixed_sound_254.wav,3.0
mixed_sound_352.wav,1,mixed_sound_352.wav,3.0
mixed_sound_346.wav,1,mixed_sound_346.wav,3.0
mixed_sound_215.wav,1,mixed_sound_215.wav,3.0
mixed_sound_216.wav,1,mixed_sound_216.wav,3.0
sound_822.wav,1,sound_822.wav,3.0
sound_373_1.wav,1,sound_373_1.wav,3.0
sound_153_1.wav,1,sound_153_1.wav,3.0
mixed_sound_801.wav,1,mixed_sound_801.wav,3.0
sound_110.wav,1,sound_110.wav,3.0
sound_193_1.wav,1,sound_193_1.wav,3.0
sound_300.wav,1,sound_300.wav,3.0
mixed_sound_826_1.wav,1,mixed_sound_826_1.wav,3.0
mixed_sound_779.wav,1,mixed_sound_779.wav,3.0
sound_389_1.wav,1,sound_389_1.wav,3.0
sound_309.wav,1,sound_309.wav,3.0
sound_120.wav,1,sound_120.wav,3.0
sound_803.wav,1,sound_803.wav,3.0
mixed_sound_232.wav,1,mixed_sound_232.wav,3.0
mixed_sound_365.wav,1,mixed_sound_365.wav,3.0
mixed_sound_330.wav,1,mixed_sound_330.wav,3.0
mixed_sound_722_1.wav,1,mixed_sound_722_1.wav,3.0
mixed_sound_719_1.wav,1,mixed_sound_719_1.wav,3.0
sound_787.wav,1,sound_787.wav,3.0
sound_384.wav,1,sound_384.wav,3.0
mixed_sound_374.wav,1,mixed_sound_374.wav,3.0
sound_146.wav,1,sound_146.wav,3.0
sound_228.wav,1,sound_228.wav,3.0
sound_124.wav,1,sound_124.wav,3.0
mixed_sound_307_1.wav,1,mixed_sound_307_1.wav,3.0
sound_168.wav,1,sound_168.wav,3.0
sound_178.wav,1,sound_178.wav,3.0
mixed_sound_779_1.wav,1,mixed_sound_779_1.wav,3.0
sound_165_1.wav,1,sound_165_1.wav,3.0
sound_274.wav,1,sound_274.wav,3.0
mixed_sound_714_1.wav,1,mixed_sound_714_1.wav,3.0
sound_816_1.wav,1,sound_816_1.wav,3.0
mixed_sound_794_1.wav,1,mixed_sound_794_1.wav,3.0
mixed_sound_363.wav,1,mixed_sound_363.wav,3.0
sound_220.wav,1,sound_220.wav,3.0
mixed_sound_304.wav,1,mixed_sound_304.wav,3.0
sound_196_1.wav,1,sound_196_1.wav,3.0
mixed_sound_270.wav,1,mixed_sound_270.wav,3.0
sound_116.wav,1,sound_116.wav,3.0
mixed_sound_217.wav,1,mixed_sound_217.wav,3.0
mixed_sound_322_1.wav,1,mixed_sound_322_1.wav,3.0
sound_254.wav,1,sound_254.wav,3.0
mixed_sound_699_1.wav,1,mixed_sound_699_1.wav,3.0
sound_354_1.wav,1,sound_354_1.wav,3.0
mixed_sound_696_1.wav,1,mixed_sound_696_1.wav,3.0
mixed_sound_744.wav,1,mixed_sound_744.wav,3.0
sound_131.wav,1,sound_131.wav,3.0
sound_351_1.wav,1,sound_351_1.wav,3.0
mixed_sound_361.wav,1,mixed_sound_361.wav,3.0
mixed_sound_762_1.wav,1,mixed_sound_762_1.wav,3.0
sound_391.wav,1,sound_391.wav,3.0
mixed_sound_327_1.wav,1,mixed_sound_327_1.wav,3.0
mixed_sound_715.wav,1,mixed_sound_715.wav,3.0
sound_804.wav,1,sound_804.wav,3.0
ambulance857.wav,1,ambulance857.wav,3.0
mixed_sound_226.wav,1,mixed_sound_226.wav,3.0
sound_306.wav,1,sound_306.wav,3.0
ambulance866.wav,1,ambulance866.wav,3.0
mixed_sound_232_1.wav,1,mixed_sound_232_1.wav,3.0
sound_159.wav,1,sound_159.wav,3.0
sound_233.wav,1,sound_233.wav,3.0
mixed_sound_317_1.wav,1,mixed_sound_317_1.wav,3.0
mixed_sound_817_1.wav,1,mixed_sound_817_1.wav,3.0
mixed_sound_247.wav,1,mixed_sound_247.wav,3.0
mixed_sound_358.wav,1,mixed_sound_358.wav,3.0
sound_222.wav,1,sound_222.wav,3.0
mixed_sound_742_1.wav,1,mixed_sound_742_1.wav,3.0
mixed_sound_370_1.wav,1,mixed_sound_370_1.wav,3.0
mixed_sound_790_1.wav,1,mixed_sound_790_1.wav,3.0
mixed_sound_235_1.wav,1,mixed_sound_235_1.wav,3.0
mixed_sound_234.wav,1,mixed_sound_234.wav,3.0
mixed_sound_729.wav,1,mixed_sound_729.wav,3.0
mixed_sound_284_1.wav,1,mixed_sound_284_1.wav,3.0
mixed_sound_737.wav,1,mixed_sound_737.wav,3.0
sound_379.wav,1,sound_379.wav,3.0
sound_786.wav,1,sound_786.wav,3.0
mixed_sound_268.wav,1,mixed_sound_268.wav,3.0
sound_247.wav,1,sound_247.wav,3.0
mixed_sound_784_1.wav,1,mixed_sound_784_1.wav,3.0
mixed_sound_800.wav,1,mixed_sound_800.wav,3.0
mixed_sound_756.wav,1,mixed_sound_756.wav,3.0
sound_788_1.wav,1,sound_788_1.wav,3.0
sound_388.wav,1,sound_388.wav,3.0
sound_387.wav,1,sound_387.wav,3.0
sound_782.wav,1,sound_782.wav,3.0
sound_811_1.wav,1,sound_811_1.wav,3.0
sound_133.wav,1,sound_133.wav,3.0
mixed_sound_319_1.wav,1,mixed_sound_319_1.wav,3.0
sound_189.wav,1,sound_189.wav,3.0
sound_237.wav,1,sound_237.wav,3.0
sound_260.wav,1,sound_260.wav,3.0
sound_789_1.wav,1,sound_789_1.wav,3.0
mixed_sound_798.wav,1,mixed_sound_798.wav,3.0
mixed_sound_787_1.wav,1,mixed_sound_787_1.wav,3.0
sound_353.wav,1,sound_353.wav,3.0
mixed_sound_334.wav,1,mixed_sound_334.wav,3.0
sound_357_1.wav,1,sound_357_1.wav,3.0
mixed_sound_791.wav,1,mixed_sound_791.wav,3.0
mixed_sound_827.wav,1,mixed_sound_827.wav,3.0
sound_158_1.wav,1,sound_158_1.wav,3.0
sound_156.wav,1,sound_156.wav,3.0
mixed_sound_747_1.wav,1,mixed_sound_747_1.wav,3.0
sound_793.wav,1,sound_793.wav,3.0
ambulance872.wav,1,ambulance872.wav,3.0
mixed_sound_754.wav,1,mixed_sound_754.wav,3.0
sound_161.wav,1,sound_161.wav,3.0
sound_157.wav,1,sound_157.wav,3.0
mixed_sound_289_1.wav,1,mixed_sound_289_1.wav,3.0
ambulance881.wav,1,ambulance881.wav,3.0
sound_362.wav,1,sound_362.wav,3.0
mixed_sound_356_1.wav,1,mixed_sound_356_1.wav,3.0
sound_178_1.wav,1,sound_178_1.wav,3.0
sound_168_1.wav,1,sound_168_1.wav,3.0
ambulance899.wav,1,ambulance899.wav,3.0
sound_400.wav,1,sound_400.wav,3.0
mixed_sound_346_1.wav,1,mixed_sound_346_1.wav,3.0
mixed_sound_792.wav,1,mixed_sound_792.wav,3.0
mixed_sound_715_1.wav,1,mixed_sound_715_1.wav,3.0
mixed_sound_276_1.wav,1,mixed_sound_276_1.wav,3.0
sound_807_1.wav,1,sound_807_1.wav,3.0
mixed_sound_781.wav,1,mixed_sound_781.wav,3.0
mixed_sound_227_1.wav,1,mixed_sound_227_1.wav,3.0
mixed_sound_686.wav,1,mixed_sound_686.wav,3.0
mixed_sound_708.wav,1,mixed_sound_708.wav,3.0
mixed_sound_245_1.wav,1,mixed_sound_245_1.wav,3.0
mixed_sound_734_1.wav,1,mixed_sound_734_1.wav,3.0
sound_251.wav,1,sound_251.wav,3.0
mixed_sound_233.wav,1,mixed_sound_233.wav,3.0
mixed_sound_229.wav,1,mixed_sound_229.wav,3.0
mixed_sound_765_1.wav,1,mixed_sound_765_1.wav,3.0
ambulance885.wav,1,ambulance885.wav,3.0
mixed_sound_313_1.wav,1,mixed_sound_313_1.wav,3.0
sound_806_1.wav,1,sound_806_1.wav,3.0
sound_190.wav,1,sound_190.wav,3.0
mixed_sound_279.wav,1,mixed_sound_279.wav,3.0
mixed_sound_314.wav,1,mixed_sound_314.wav,3.0
sound_386_1.wav,1,sound_386_1.wav,3.0
mixed_sound_256.wav,1,mixed_sound_256.wav,3.0
sound_248.wav,1,sound_248.wav,3.0
sound_246.wav,1,sound_246.wav,3.0
ambulance879.wav,1,ambulance879.wav,3.0
sound_152.wav,1,sound_152.wav,3.0
sound_169.wav,1,sound_169.wav,3.0
sound_358.wav,1,sound_358.wav,3.0
mixed_sound_794.wav,1,mixed_sound_794.wav,3.0
sound_823.wav,1,sound_823.wav,3.0
mixed_sound_351.wav,1,mixed_sound_351.wav,3.0
mixed_sound_716.wav,1,mixed_sound_716.wav,3.0
mixed_sound_729_1.wav,1,mixed_sound_729_1.wav,3.0
mixed_sound_799.wav,1,mixed_sound_799.wav,3.0
mixed_sound_358_1.wav,1,mixed_sound_358_1.wav,3.0
sound_158.wav,1,sound_158.wav,3.0
mixed_sound_769_1.wav,1,mixed_sound_769_1.wav,3.0
sound_303.wav,1,sound_303.wav,3.0
mixed_sound_772_1.wav,1,mixed_sound_772_1.wav,3.0
sound_360_1.wav,1,sound_360_1.wav,3.0
mixed_sound_725_1.wav,1,mixed_sound_725_1.wav,3.0
ambulance883.wav,1,ambulance883.wav,3.0
mixed_sound_279_1.wav,1,mixed_sound_279_1.wav,3.0
mixed_sound_341_1.wav,1,mixed_sound_341_1.wav,3.0
sound_789.wav,1,sound_789.wav,3.0
mixed_sound_783.wav,1,mixed_sound_783.wav,3.0
mixed_sound_802_1.wav,1,mixed_sound_802_1.wav,3.0
mixed_sound_325_1.wav,1,mixed_sound_325_1.wav,3.0
mixed_sound_750.wav,1,mixed_sound_750.wav,3.0
mixed_sound_287_1.wav,1,mixed_sound_287_1.wav,3.0
mixed_sound_298_1.wav,1,mixed_sound_298_1.wav,3.0
sound_800.wav,1,sound_800.wav,3.0
mixed_sound_697.wav,1,mixed_sound_697.wav,3.0
ambulance862.wav,1,ambulance862.wav,3.0
mixed_sound_755_1.wav,1,mixed_sound_755_1.wav,3.0
sound_377.wav,1,sound_377.wav,3.0
sound_182_1.wav,1,sound_182_1.wav,3.0
mixed_sound_701.wav,1,mixed_sound_701.wav,3.0
sound_308.wav,1,sound_308.wav,3.0
mixed_sound_240_1.wav,1,mixed_sound_240_1.wav,3.0
mixed_sound_809_1.wav,1,mixed_sound_809_1.wav,3.0
ambulance897.wav,1,ambulance897.wav,3.0
mixed_sound_789_1.wav,1,mixed_sound_789_1.wav,3.0
mixed_sound_315.wav,1,mixed_sound_315.wav,3.0
sound_177_1.wav,1,sound_177_1.wav,3.0
mixed_sound_822_1.wav,1,mixed_sound_822_1.wav,3.0
sound_150.wav,1,sound_150.wav,3.0
mixed_sound_349.wav,1,mixed_sound_349.wav,3.0
sound_106.wav,1,sound_106.wav,3.0
sound_779.wav,1,sound_779.wav,3.0
mixed_sound_292_1.wav,1,mixed_sound_292_1.wav,3.0
sound_812.wav,1,sound_812.wav,3.0
mixed_sound_303_1.wav,1,mixed_sound_303_1.wav,3.0
sound_396.wav,1,sound_396.wav,3.0
mixed_sound_272.wav,1,mixed_sound_272.wav,3.0
mixed_sound_804_1.wav,1,mixed_sound_804_1.wav,3.0
mixed_sound_709.wav,1,mixed_sound_709.wav,3.0
mixed_sound_240.wav,1,mixed_sound_240.wav,3.0
mixed_sound_304_1.wav,1,mixed_sound_304_1.wav,3.0
mixed_sound_377_1.wav,1,mixed_sound_377_1.wav,3.0
sound_794.wav,1,sound_794.wav,3.0
sound_215.wav,1,sound_215.wav,3.0
mixed_sound_213.wav,1,mixed_sound_213.wav,3.0
mixed_sound_296.wav,1,mixed_sound_296.wav,3.0
mixed_sound_273.wav,1,mixed_sound_273.wav,3.0
sound_276.wav,1,sound_276.wav,3.0
mixed_sound_297.wav,1,mixed_sound_297.wav,3.0
mixed_sound_371_1.wav,1,mixed_sound_371_1.wav,3.0
mixed_sound_202_1.wav,1,mixed_sound_202_1.wav,3.0
mixed_sound_214_1.wav,1,mixed_sound_214_1.wav,3.0
sound_160.wav,1,sound_160.wav,3.0
mixed_sound_288_1.wav,1,mixed_sound_288_1.wav,3.0
mixed_sound_824_1.wav,1,mixed_sound_824_1.wav,3.0
mixed_sound_753.wav,1,mixed_sound_753.wav,3.0
sound_179_1.wav,1,sound_179_1.wav,3.0
mixed_sound_726.wav,1,mixed_sound_726.wav,3.0
sound_277.wav,1,sound_277.wav,3.0
mixed_sound_222.wav,1,mixed_sound_222.wav,3.0
sound_395_1.wav,1,sound_395_1.wav,3.0
mixed_sound_744_1.wav,1,mixed_sound_744_1.wav,3.0
sound_224.wav,1,sound_224.wav,3.0
ambulance874.wav,1,ambulance874.wav,3.0
mixed_sound_335.wav,1,mixed_sound_335.wav,3.0
mixed_sound_807.wav,1,mixed_sound_807.wav,3.0
mixed_sound_317.wav,1,mixed_sound_317.wav,3.0
sound_381.wav,1,sound_381.wav,3.0
mixed_sound_274_1.wav,1,mixed_sound_274_1.wav,3.0
mixed_sound_258_1.wav,1,mixed_sound_258_1.wav,3.0
mixed_sound_245.wav,1,mixed_sound_245.wav,3.0
mixed_sound_341.wav,1,mixed_sound_341.wav,3.0
mixed_sound_331.wav,1,mixed_sound_331.wav,3.0
mixed_sound_331_1.wav,1,mixed_sound_331_1.wav,3.0
mixed_sound_342.wav,1,mixed_sound_342.wav,3.0
sound_164.wav,1,sound_164.wav,3.0
sound_155_1.wav,1,sound_155_1.wav,3.0
mixed_sound_201.wav,1,mixed_sound_201.wav,3.0
sound_161_1.wav,1,sound_161_1.wav,3.0
mixed_sound_746_1.wav,1,mixed_sound_746_1.wav,3.0
sound_182.wav,1,sound_182.wav,3.0
mixed_sound_689_1.wav,1,mixed_sound_689_1.wav,3.0
mixed_sound_301.wav,1,mixed_sound_301.wav,3.0
mixed_sound_262.wav,1,mixed_sound_262.wav,3.0
mixed_sound_260_1.wav,1,mixed_sound_260_1.wav,3.0
sound_263.wav,1,sound_263.wav,3.0
mixed_sound_366.wav,1,mixed_sound_366.wav,3.0
mixed_sound_755.wav,1,mixed_sound_755.wav,3.0
mixed_sound_371.wav,1,mixed_sound_371.wav,3.0
mixed_sound_230_1.wav,1,mixed_sound_230_1.wav,3.0
mixed_sound_818.wav,1,mixed_sound_818.wav,3.0
sound_365_1.wav,1,sound_365_1.wav,3.0
mixed_sound_211.wav,1,mixed_sound_211.wav,3.0
mixed_sound_337_1.wav,1,mixed_sound_337_1.wav,3.0
sound_117.wav,1,sound_117.wav,3.0
sound_812_1.wav,1,sound_812_1.wav,3.0
mixed_sound_734.wav,1,mixed_sound_734.wav,3.0
mixed_sound_297_1.wav,1,mixed_sound_297_1.wav,3.0
sound_284.wav,1,sound_284.wav,3.0
ambulance904.wav,1,ambulance904.wav,3.0
sound_376_1.wav,1,sound_376_1.wav,3.0
mixed_sound_367_1.wav,1,mixed_sound_367_1.wav,3.0
mixed_sound_713.wav,1,mixed_sound_713.wav,3.0
mixed_sound_788.wav,1,mixed_sound_788.wav,3.0
mixed_sound_748_1.wav,1,mixed_sound_748_1.wav,3.0
sound_294.wav,1,sound_294.wav,3.0
sound_121.wav,1,sound_121.wav,3.0
sound_199.wav,1,sound_199.wav,3.0
sound_394.wav,1,sound_394.wav,3.0
mixed_sound_230.wav,1,mixed_sound_230.wav,3.0
mixed_sound_368.wav,1,mixed_sound_368.wav,3.0
mixed_sound_372.wav,1,mixed_sound_372.wav,3.0
mixed_sound_376.wav,1,mixed_sound_376.wav,3.0
sound_794_1.wav,1,sound_794_1.wav,3.0
sound_249.wav,1,sound_249.wav,3.0
mixed_sound_804.wav,1,mixed_sound_804.wav,3.0
mixed_sound_792_1.wav,1,mixed_sound_792_1.wav,3.0
mixed_sound_310_1.wav,1,mixed_sound_310_1.wav,3.0
sound_160_1.wav,1,sound_160_1.wav,3.0
mixed_sound_224.wav,1,mixed_sound_224.wav,3.0
mixed_sound_244_1.wav,1,mixed_sound_244_1.wav,3.0
sound_390_1.wav,1,sound_390_1.wav,3.0
sound_258.wav,1,sound_258.wav,3.0
sound_795.wav,1,sound_795.wav,3.0
ambulance858.wav,1,ambulance858.wav,3.0
mixed_sound_726_1.wav,1,mixed_sound_726_1.wav,3.0
sound_193.wav,1,sound_193.wav,3.0
mixed_sound_210.wav,1,mixed_sound_210.wav,3.0
mixed_sound_813.wav,1,mixed_sound_813.wav,3.0
mixed_sound_805_1.wav,1,mixed_sound_805_1.wav,3.0
sound_809_1.wav,1,sound_809_1.wav,3.0
sound_370.wav,1,sound_370.wav,3.0
mixed_sound_206_1.wav,1,mixed_sound_206_1.wav,3.0
sound_184_1.wav,1,sound_184_1.wav,3.0
mixed_sound_207_1.wav,1,mixed_sound_207_1.wav,3.0
sound_803_1.wav,1,sound_803_1.wav,3.0
mixed_sound_771_1.wav,1,mixed_sound_771_1.wav,3.0
mixed_sound_702.wav,1,mixed_sound_702.wav,3.0
mixed_sound_746.wav,1,mixed_sound_746.wav,3.0
sound_792_1.wav,1,sound_792_1.wav,3.0
mixed_sound_271_1.wav,1,mixed_sound_271_1.wav,3.0
mixed_sound_247_1.wav,1,mixed_sound_247_1.wav,3.0
sound_157_1.wav,1,sound_157_1.wav,3.0
sound_163_1.wav,1,sound_163_1.wav,3.0
sound_230.wav,1,sound_230.wav,3.0
ambulance895.wav,1,ambulance895.wav,3.0
mixed_sound_295_1.wav,1,mixed_sound_295_1.wav,3.0
mixed_sound_764.wav,1,mixed_sound_764.wav,3.0
sound_363.wav,1,sound_363.wav,3.0
sound_382.wav,1,sound_382.wav,3.0
mixed_sound_321.wav,1,mixed_sound_321.wav,3.0
mixed_sound_695.wav,1,mixed_sound_695.wav,3.0
sound_225.wav,1,sound_225.wav,3.0
mixed_sound_799_1.wav,1,mixed_sound_799_1.wav,3.0
mixed_sound_821.wav,1,mixed_sound_821.wav,3.0
sound_796.wav,1,sound_796.wav,3.0
ambulance890.wav,1,ambulance890.wav,3.0
ambulance894.wav,1,ambulance894.wav,3.0
mixed_sound_312.wav,1,mixed_sound_312.wav,3.0
mixed_sound_687_1.wav,1,mixed_sound_687_1.wav,3.0
sound_285.wav,1,sound_285.wav,3.0
sound_144.wav,1,sound_144.wav,3.0
mixed_sound_364_1.wav,1,mixed_sound_364_1.wav,3.0
sound_382_1.wav,1,sound_382_1.wav,3.0
mixed_sound_306_1.wav,1,mixed_sound_306_1.wav,3.0
mixed_sound_244.wav,1,mixed_sound_244.wav,3.0
sound_119.wav,1,sound_119.wav,3.0
sound_817_1.wav,1,sound_817_1.wav,3.0
mixed_sound_705_1.wav,1,mixed_sound_705_1.wav,3.0
mixed_sound_345_1.wav,1,mixed_sound_345_1.wav,3.0
mixed_sound_326.wav,1,mixed_sound_326.wav,3.0
mixed_sound_216_1.wav,1,mixed_sound_216_1.wav,3.0
sound_138.wav,1,sound_138.wav,3.0
mixed_sound_336_1.wav,1,mixed_sound_336_1.wav,3.0
mixed_sound_201_1.wav,1,mixed_sound_201_1.wav,3.0
sound_778.wav,1,sound_778.wav,3.0
sound_289.wav,1,sound_289.wav,3.0
mixed_sound_284.wav,1,mixed_sound_284.wav,3.0
mixed_sound_712_1.wav,1,mixed_sound_712_1.wav,3.0
mixed_sound_254_1.wav,1,mixed_sound_254_1.wav,3.0
sound_200_1.wav,1,sound_200_1.wav,3.0
mixed_sound_226_1.wav,1,mixed_sound_226_1.wav,3.0
ambulance859.wav,1,ambulance859.wav,3.0
mixed_sound_299_1.wav,1,mixed_sound_299_1.wav,3.0
mixed_sound_323_1.wav,1,mixed_sound_323_1.wav,3.0
sound_798.wav,1,sound_798.wav,3.0
mixed_sound_250_1.wav,1,mixed_sound_250_1.wav,3.0
mixed_sound_767.wav,1,mixed_sound_767.wav,3.0
sound_212.wav,1,sound_212.wav,3.0
mixed_sound_781_1.wav,1,mixed_sound_781_1.wav,3.0
sound_360.wav,1,sound_360.wav,3.0
mixed_sound_716_1.wav,1,mixed_sound_716_1.wav,3.0
mixed_sound_301_1.wav,1,mixed_sound_301_1.wav,3.0
mixed_sound_303.wav,1,mixed_sound_303.wav,3.0
mixed_sound_748.wav,1,mixed_sound_748.wav,3.0
mixed_sound_697_1.wav,1,mixed_sound_697_1.wav,3.0
sound_376.wav,1,sound_376.wav,3.0
mixed_sound_768_1.wav,1,mixed_sound_768_1.wav,3.0
sound_148.wav,1,sound_148.wav,3.0
mixed_sound_711.wav,1,mixed_sound_711.wav,3.0
sound_780.wav,1,sound_780.wav,3.0
mixed_sound_344.wav,1,mixed_sound_344.wav,3.0
sound_393_1.wav,1,sound_393_1.wav,3.0
sound_824_1.wav,1,sound_824_1.wav,3.0
mixed_sound_202.wav,1,mixed_sound_202.wav,3.0
ambulance905.wav,1,ambulance905.wav,3.0
mixed_sound_704_1.wav,1,mixed_sound_704_1.wav,3.0
mixed_sound_300_1.wav,1,mixed_sound_300_1.wav,3.0
mixed_sound_728_1.wav,1,mixed_sound_728_1.wav,3.0
mixed_sound_368_1.wav,1,mixed_sound_368_1.wav,3.0
mixed_sound_290.wav,1,mixed_sound_290.wav,3.0
mixed_sound_771.wav,1,mixed_sound_771.wav,3.0
mixed_sound_353_1.wav,1,mixed_sound_353_1.wav,3.0
mixed_sound_211_1.wav,1,mixed_sound_211_1.wav,3.0
sound_398.wav,1,sound_398.wav,3.0
mixed_sound_276.wav,1,mixed_sound_276.wav,3.0
sound_186.wav,1,sound_186.wav,3.0
mixed_sound_328.wav,1,mixed_sound_328.wav,3.0
sound_389.wav,1,sound_389.wav,3.0
sound_383_1.wav,1,sound_383_1.wav,3.0
sound_171_1.wav,1,sound_171_1.wav,3.0
mixed_sound_706.wav,1,mixed_sound_706.wav,3.0
mixed_sound_788_1.wav,1,mixed_sound_788_1.wav,3.0
sound_814_1.wav,1,sound_814_1.wav,3.0
sound_243.wav,1,sound_243.wav,3.0
sound_779_1.wav,1,sound_779_1.wav,3.0
mixed_sound_256_1.wav,1,mixed_sound_256_1.wav,3.0
mixed_sound_776.wav,1,mixed_sound_776.wav,3.0
sound_221.wav,1,sound_221.wav,3.0
sound_372.wav,1,sound_372.wav,3.0
mixed_sound_330_1.wav,1,mixed_sound_330_1.wav,3.0
sound_802_1.wav,1,sound_802_1.wav,3.0
mixed_sound_706_1.wav,1,mixed_sound_706_1.wav,3.0
sound_185.wav,1,sound_185.wav,3.0
mixed_sound_785_1.wav,1,mixed_sound_785_1.wav,3.0
ambulance903.wav,1,ambulance903.wav,3.0
sound_253.wav,1,sound_253.wav,3.0
sound_101.wav,1,sound_101.wav,3.0
mixed_sound_293.wav,1,mixed_sound_293.wav,3.0
ambulance886.wav,1,ambulance886.wav,3.0
mixed_sound_812.wav,1,mixed_sound_812.wav,3.0
mixed_sound_213_1.wav,1,mixed_sound_213_1.wav,3.0
sound_125.wav,1,sound_125.wav,3.0
mixed_sound_796_1.wav,1,mixed_sound_796_1.wav,3.0
mixed_sound_243_1.wav,1,mixed_sound_243_1.wav,3.0
sound_159_1.wav,1,sound_159_1.wav,3.0
sound_155.wav,1,sound_155.wav,3.0
mixed_sound_778_1.wav,1,mixed_sound_778_1.wav,3.0
mixed_sound_777_1.wav,1,mixed_sound_777_1.wav,3.0
mixed_sound_241_1.wav,1,mixed_sound_241_1.wav,3.0
sound_370_1.wav,1,sound_370_1.wav,3.0
sound_140.wav,1,sound_140.wav,3.0
mixed_sound_783_1.wav,1,mixed_sound_783_1.wav,3.0
sound_154.wav,1,sound_154.wav,3.0
mixed_sound_271.wav,1,mixed_sound_271.wav,3.0
mixed_sound_741.wav,1,mixed_sound_741.wav,3.0
mixed_sound_802.wav,1,mixed_sound_802.wav,3.0
mixed_sound_263_1.wav,1,mixed_sound_263_1.wav,3.0
mixed_sound_302.wav,1,mixed_sound_302.wav,3.0
sound_818_1.wav,1,sound_818_1.wav,3.0
sound_397_1.wav,1,sound_397_1.wav,3.0
sound_304.wav,1,sound_304.wav,3.0
mixed_sound_352_1.wav,1,mixed_sound_352_1.wav,3.0
mixed_sound_260.wav,1,mixed_sound_260.wav,3.0
sound_190_1.wav,1,sound_190_1.wav,3.0
mixed_sound_348_1.wav,1,mixed_sound_348_1.wav,3.0
mixed_sound_752_1.wav,1,mixed_sound_752_1.wav,3.0
mixed_sound_721.wav,1,mixed_sound_721.wav,3.0
mixed_sound_793.wav,1,mixed_sound_793.wav,3.0
mixed_sound_690_1.wav,1,mixed_sound_690_1.wav,3.0
mixed_sound_334_1.wav,1,mixed_sound_334_1.wav,3.0
mixed_sound_347.wav,1,mixed_sound_347.wav,3.0
mixed_sound_355.wav,1,mixed_sound_355.wav,3.0
mixed_sound_823_1.wav,1,mixed_sound_823_1.wav,3.0
mixed_sound_730.wav,1,mixed_sound_730.wav,3.0
mixed_sound_690.wav,1,mixed_sound_690.wav,3.0
mixed_sound_376_1.wav,1,mixed_sound_376_1.wav,3.0
mixed_sound_356.wav,1,mixed_sound_356.wav,3.0
mixed_sound_803.wav,1,mixed_sound_803.wav,3.0
mixed_sound_332.wav,1,mixed_sound_332.wav,3.0
mixed_sound_298.wav,1,mixed_sound_298.wav,3.0
mixed_sound_252.wav,1,mixed_sound_252.wav,3.0
sound_288.wav,1,sound_288.wav,3.0
sound_387_1.wav,1,sound_387_1.wav,3.0
sound_113.wav,1,sound_113.wav,3.0
mixed_sound_790.wav,1,mixed_sound_790.wav,3.0
mixed_sound_378_1.wav,1,mixed_sound_378_1.wav,3.0
sound_162_1.wav,1,sound_162_1.wav,3.0
mixed_sound_212_1.wav,1,mixed_sound_212_1.wav,3.0
mixed_sound_808.wav,1,mixed_sound_808.wav,3.0
mixed_sound_263.wav,1,mixed_sound_263.wav,3.0
sound_369_1.wav,1,sound_369_1.wav,3.0
mixed_sound_800_1.wav,1,mixed_sound_800_1.wav,3.0
mixed_sound_228.wav,1,mixed_sound_228.wav,3.0
sound_194_1.wav,1,sound_194_1.wav,3.0
mixed_sound_738.wav,1,mixed_sound_738.wav,3.0
sound_785.wav,1,sound_785.wav,3.0
mixed_sound_262_1.wav,1,mixed_sound_262_1.wav,3.0
mixed_sound_770.wav,1,mixed_sound_770.wav,3.0
mixed_sound_822.wav,1,mixed_sound_822.wav,3.0
sound_151.wav,1,sound_151.wav,3.0
mixed_sound_261.wav,1,mixed_sound_261.wav,3.0
sound_151_1.wav,1,sound_151_1.wav,3.0
mixed_sound_717_1.wav,1,mixed_sound_717_1.wav,3.0
sound_279.wav,1,sound_279.wav,3.0
mixed_sound_292.wav,1,mixed_sound_292.wav,3.0
mixed_sound_775_1.wav,1,mixed_sound_775_1.wav,3.0
mixed_sound_223_1.wav,1,mixed_sound_223_1.wav,3.0
sound_195.wav,1,sound_195.wav,3.0
mixed_sound_737_1.wav,1,mixed_sound_737_1.wav,3.0
sound_164_1.wav,1,sound_164_1.wav,3.0
sound_357.wav,1,sound_357.wav,3.0
mixed_sound_826.wav,1,mixed_sound_826.wav,3.0
mixed_sound_809.wav,1,mixed_sound_809.wav,3.0
mixed_sound_219_1.wav,1,mixed_sound_219_1.wav,3.0
mixed_sound_225_1.wav,1,mixed_sound_225_1.wav,3.0
mixed_sound_817.wav,1,mixed_sound_817.wav,3.0
mixed_sound_212.wav,1,mixed_sound_212.wav,3.0
mixed_sound_269_1.wav,1,mixed_sound_269_1.wav,3.0
mixed_sound_736_1.wav,1,mixed_sound_736_1.wav,3.0
mixed_sound_243.wav,1,mixed_sound_243.wav,3.0
mixed_sound_694_1.wav,1,mixed_sound_694_1.wav,3.0
mixed_sound_797_1.wav,1,mixed_sound_797_1.wav,3.0
sound_223.wav,1,sound_223.wav,3.0
mixed_sound_751.wav,1,mixed_sound_751.wav,3.0
mixed_sound_780_1.wav,1,mixed_sound_780_1.wav,3.0
mixed_sound_369_1.wav,1,mixed_sound_369_1.wav,3.0
mixed_sound_795.wav,1,mixed_sound_795.wav,3.0
mixed_sound_766_1.wav,1,mixed_sound_766_1.wav,3.0
sound_817.wav,1,sound_817.wav,3.0
mixed_sound_332_1.wav,1,mixed_sound_332_1.wav,3.0
mixed_sound_327.wav,1,mixed_sound_327.wav,3.0
sound_790_1.wav,1,sound_790_1.wav,3.0
sound_805_1.wav,1,sound_805_1.wav,3.0
sound_170.wav,1,sound_170.wav,3.0
mixed_sound_248_1.wav,1,mixed_sound_248_1.wav,3.0
sound_197_1.wav,1,sound_197_1.wav,3.0
mixed_sound_819_1.wav,1,mixed_sound_819_1.wav,3.0
sound_176.wav,1,sound_176.wav,3.0
mixed_sound_767_1.wav,1,mixed_sound_767_1.wav,3.0
mixed_sound_757.wav,1,mixed_sound_757.wav,3.0
mixed_sound_259.wav,1,mixed_sound_259.wav,3.0
sound_143.wav,1,sound_143.wav,3.0
mixed_sound_801_1.wav,1,mixed_sound_801_1.wav,3.0
mixed_sound_816.wav,1,mixed_sound_816.wav,3.0
sound_181_1.wav,1,sound_181_1.wav,3.0
mixed_sound_272_1.wav,1,mixed_sound_272_1.wav,3.0
sound_239.wav,1,sound_239.wav,3.0
mixed_sound_252_1.wav,1,mixed_sound_252_1.wav,3.0
sound_264.wav,1,sound_264.wav,3.0
mixed_sound_761_1.wav,1,mixed_sound_761_1.wav,3.0
sound_250.wav,1,sound_250.wav,3.0
mixed_sound_798_1.wav,1,mixed_sound_798_1.wav,3.0
mixed_sound_289.wav,1,mixed_sound_289.wav,3.0
ambulance870.wav,1,ambulance870.wav,3.0
sound_784_1.wav,1,sound_784_1.wav,3.0
sound_787_1.wav,1,sound_787_1.wav,3.0
ambulance882.wav,1,ambulance882.wav,3.0
sound_353_1.wav,1,sound_353_1.wav,3.0
sound_394_1.wav,1,sound_394_1.wav,3.0
mixed_sound_299.wav,1,mixed_sound_299.wav,3.0
mixed_sound_364.wav,1,mixed_sound_364.wav,3.0
mixed_sound_763.wav,1,mixed_sound_763.wav,3.0
mixed_sound_756_1.wav,1,mixed_sound_756_1.wav,3.0
sound_281.wav,1,sound_281.wav,3.0
mixed_sound_739_1.wav,1,mixed_sound_739_1.wav,3.0
mixed_sound_233_1.wav,1,mixed_sound_233_1.wav,3.0
mixed_sound_815.wav,1,mixed_sound_815.wav,3.0
mixed_sound_823.wav,1,mixed_sound_823.wav,3.0
mixed_sound_806.wav,1,mixed_sound_806.wav,3.0
sound_103.wav,1,sound_103.wav,3.0
mixed_sound_731.wav,1,mixed_sound_731.wav,3.0
sound_105.wav,1,sound_105.wav,3.0
mixed_sound_227.wav,1,mixed_sound_227.wav,3.0
mixed_sound_793_1.wav,1,mixed_sound_793_1.wav,3.0
sound_801.wav,1,sound_801.wav,3.0
sound_808_1.wav,1,sound_808_1.wav,3.0
mixed_sound_718_1.wav,1,mixed_sound_718_1.wav,3.0
ambulance867.wav,1,ambulance867.wav,3.0
sound_296.wav,1,sound_296.wav,3.0
mixed_sound_772.wav,1,mixed_sound_772.wav,3.0
mixed_sound_231_1.wav,1,mixed_sound_231_1.wav,3.0
mixed_sound_329_1.wav,1,mixed_sound_329_1.wav,3.0
sound_792.wav,1,sound_792.wav,3.0
mixed_sound_285_1.wav,1,mixed_sound_285_1.wav,3.0
sound_826_1.wav,1,sound_826_1.wav,3.0
mixed_sound_261_1.wav,1,mixed_sound_261_1.wav,3.0
mixed_sound_242_1.wav,1,mixed_sound_242_1.wav,3.0
mixed_sound_237_1.wav,1,mixed_sound_237_1.wav,3.0
mixed_sound_311_1.wav,1,mixed_sound_311_1.wav,3.0
mixed_sound_375_1.wav,1,mixed_sound_375_1.wav,3.0
mixed_sound_321_1.wav,1,mixed_sound_321_1.wav,3.0
sound_798_1.wav,1,sound_798_1.wav,3.0
sound_185_1.wav,1,sound_185_1.wav,3.0
mixed_sound_340_1.wav,1,mixed_sound_340_1.wav,3.0
mixed_sound_808_1.wav,1,mixed_sound_808_1.wav,3.0
mixed_sound_215_1.wav,1,mixed_sound_215_1.wav,3.0
mixed_sound_312_1.wav,1,mixed_sound_312_1.wav,3.0
mixed_sound_380.wav,1,mixed_sound_380.wav,3.0
mixed_sound_308.wav,1,mixed_sound_308.wav,3.0
sound_827_1.wav,1,sound_827_1.wav,3.0
sound_302.wav,1,sound_302.wav,3.0
sound_399_1.wav,1,sound_399_1.wav,3.0
mixed_sound_255.wav,1,mixed_sound_255.wav,3.0
mixed_sound_803_1.wav,1,mixed_sound_803_1.wav,3.0
sound_378.wav,1,sound_378.wav,3.0
mixed_sound_325.wav,1,mixed_sound_325.wav,3.0
sound_255.wav,1,sound_255.wav,3.0
mixed_sound_786_1.wav,1,mixed_sound_786_1.wav,3.0
sound_363_1.wav,1,sound_363_1.wav,3.0
sound_371.wav,1,sound_371.wav,3.0
sound_216.wav,1,sound_216.wav,3.0
mixed_sound_359_1.wav,1,mixed_sound_359_1.wav,3.0
sound_278.wav,1,sound_278.wav,3.0
mixed_sound_825_1.wav,1,mixed_sound_825_1.wav,3.0
ambulance868.wav,1,ambulance868.wav,3.0
sound_122.wav,1,sound_122.wav,3.0
mixed_sound_361_1.wav,1,mixed_sound_361_1.wav,3.0
mixed_sound_205.wav,1,mixed_sound_205.wav,3.0
sound_369.wav,1,sound_369.wav,3.0
ambulance896.wav,1,ambulance896.wav,3.0
mixed_sound_286.wav,1,mixed_sound_286.wav,3.0
mixed_sound_280.wav,1,mixed_sound_280.wav,3.0
mixed_sound_373_1.wav,1,mixed_sound_373_1.wav,3.0
mixed_sound_761.wav,1,mixed_sound_761.wav,3.0
mixed_sound_811.wav,1,mixed_sound_811.wav,3.0
sound_112.wav,1,sound_112.wav,3.0
sound_380.wav,1,sound_380.wav,3.0
mixed_sound_251.wav,1,mixed_sound_251.wav,3.0
sound_361.wav,1,sound_361.wav,3.0
mixed_sound_229_1.wav,1,mixed_sound_229_1.wav,3.0
sound_179.wav,1,sound_179.wav,3.0
mixed_sound_257_1.wav,1,mixed_sound_257_1.wav,3.0
ambulance876.wav,1,ambulance876.wav,3.0
ambulance869.wav,1,ambulance869.wav,3.0
sound_797.wav,1,sound_797.wav,3.0
mixed_sound_339.wav,1,mixed_sound_339.wav,3.0
sound_231.wav,1,sound_231.wav,3.0
mixed_sound_769.wav,1,mixed_sound_769.wav,3.0
sound_295.wav,1,sound_295.wav,3.0
sound_174_1.wav,1,sound_174_1.wav,3.0
sound_136.wav,1,sound_136.wav,3.0
mixed_sound_701_1.wav,1,mixed_sound_701_1.wav,3.0
mixed_sound_294_1.wav,1,mixed_sound_294_1.wav,3.0
ambulance877.wav,1,ambulance877.wav,3.0
mixed_sound_819.wav,1,mixed_sound_819.wav,3.0
mixed_sound_343.wav,1,mixed_sound_343.wav,3.0
sound_778_1.wav,1,sound_778_1.wav,3.0
sound_166_1.wav,1,sound_166_1.wav,3.0
mixed_sound_366_1.wav,1,mixed_sound_366_1.wav,3.0
mixed_sound_738_1.wav,1,mixed_sound_738_1.wav,3.0
sound_814.wav,1,sound_814.wav,3.0
mixed_sound_219.wav,1,mixed_sound_219.wav,3.0
sound_815_1.wav,1,sound_815_1.wav,3.0
sound_352.wav,1,sound_352.wav,3.0
sound_297.wav,1,sound_297.wav,3.0
mixed_sound_714.wav,1,mixed_sound_714.wav,3.0
mixed_sound_308_1.wav,1,mixed_sound_308_1.wav,3.0
mixed_sound_751_1.wav,1,mixed_sound_751_1.wav,3.0
sound_191_1.wav,1,sound_191_1.wav,3.0
sound_235.wav,1,sound_235.wav,3.0
mixed_sound_209.wav,1,mixed_sound_209.wav,3.0
mixed_sound_373.wav,1,mixed_sound_373.wav,3.0
sound_127.wav,1,sound_127.wav,3.0
sound_818.wav,1,sound_818.wav,3.0
mixed_sound_295.wav,1,mixed_sound_295.wav,3.0
sound_800_1.wav,1,sound_800_1.wav,3.0
mixed_sound_305_1.wav,1,mixed_sound_305_1.wav,3.0
sound_270.wav,1,sound_270.wav,3.0
sound_275.wav,1,sound_275.wav,3.0
mixed_sound_313.wav,1,mixed_sound_313.wav,3.0
sound_388_1.wav,1,sound_388_1.wav,3.0
mixed_sound_335_1.wav,1,mixed_sound_335_1.wav,3.0
mixed_sound_787.wav,1,mixed_sound_787.wav,3.0
sound_362_1.wav,1,sound_362_1.wav,3.0
mixed_sound_340.wav,1,mixed_sound_340.wav,3.0
mixed_sound_705.wav,1,mixed_sound_705.wav,3.0
ambulance865.wav,1,ambulance865.wav,3.0
sound_367_1.wav,1,sound_367_1.wav,3.0
mixed_sound_283.wav,1,mixed_sound_283.wav,3.0
mixed_sound_355_1.wav,1,mixed_sound_355_1.wav,3.0
sound_378_1.wav,1,sound_378_1.wav,3.0
sound_174.wav,1,sound_174.wav,3.0
mixed_sound_265_1.wav,1,mixed_sound_265_1.wav,3.0
mixed_sound_692_1.wav,1,mixed_sound_692_1.wav,3.0
sound_262.wav,1,sound_262.wav,3.0
sound_183_1.wav,1,sound_183_1.wav,3.0
sound_167_1.wav,1,sound_167_1.wav,3.0
sound_790.wav,1,sound_790.wav,3.0
mixed_sound_758_1.wav,1,mixed_sound_758_1.wav,3.0
sound_186_1.wav,1,sound_186_1.wav,3.0
mixed_sound_759.wav,1,mixed_sound_759.wav,3.0
sound_109.wav,1,sound_109.wav,3.0
mixed_sound_723_1.wav,1,mixed_sound_723_1.wav,3.0
sound_780_1.wav,1,sound_780_1.wav,3.0
ambulance900.wav,1,ambulance900.wav,3.0
mixed_sound_339_1.wav,1,mixed_sound_339_1.wav,3.0
sound_379_1.wav,1,sound_379_1.wav,3.0
mixed_sound_776_1.wav,1,mixed_sound_776_1.wav,3.0
sound_810.wav,1,sound_810.wav,3.0
mixed_sound_824.wav,1,mixed_sound_824.wav,3.0
sound_785_1.wav,1,sound_785_1.wav,3.0
mixed_sound_780.wav,1,mixed_sound_780.wav,3.0
mixed_sound_224_1.wav,1,mixed_sound_224_1.wav,3.0
sound_183.wav,1,sound_183.wav,3.0
mixed_sound_696.wav,1,mixed_sound_696.wav,3.0
mixed_sound_217_1.wav,1,mixed_sound_217_1.wav,3.0
sound_386.wav,1,sound_386.wav,3.0
sound_236.wav,1,sound_236.wav,3.0
sound_287.wav,1,sound_287.wav,3.0
mixed_sound_268_1.wav,1,mixed_sound_268_1.wav,3.0
sound_283.wav,1,sound_283.wav,3.0
sound_293.wav,1,sound_293.wav,3.0
sound_359_1.wav,1,sound_359_1.wav,3.0
sound_819_1.wav,1,sound_819_1.wav,3.0
sound_188.wav,1,sound_188.wav,3.0
mixed_sound_323.wav,1,mixed_sound_323.wav,3.0
mixed_sound_825.wav,1,mixed_sound_825.wav,3.0
sound_268.wav,1,sound_268.wav,3.0
sound_234.wav,1,sound_234.wav,3.0
sound_180.wav,1,sound_180.wav,3.0
sound_820_1.wav,1,sound_820_1.wav,3.0
sound_366.wav,1,sound_366.wav,3.0
mixed_sound_700_1.wav,1,mixed_sound_700_1.wav,3.0
mixed_sound_281.wav,1,mixed_sound_281.wav,3.0
mixed_sound_222_1.wav,1,mixed_sound_222_1.wav,3.0
mixed_sound_789.wav,1,mixed_sound_789.wav,3.0
sound_167.wav,1,sound_167.wav,3.0
sound_176_1.wav,1,sound_176_1.wav,3.0
mixed_sound_214.wav,1,mixed_sound_214.wav,3.0
mixed_sound_257.wav,1,mixed_sound_257.wav,3.0
sound_781.wav,1,sound_781.wav,3.0
sound_173_1.wav,1,sound_173_1.wav,3.0
sound_783_1.wav,1,sound_783_1.wav,3.0
mixed_sound_711_1.wav,1,mixed_sound_711_1.wav,3.0
sound_364_1.wav,1,sound_364_1.wav,3.0
mixed_sound_735.wav,1,mixed_sound_735.wav,3.0
sound_266.wav,1,sound_266.wav,3.0
sound_400_1.wav,1,sound_400_1.wav,3.0
mixed_sound_265.wav,1,mixed_sound_265.wav,3.0
sound_149.wav,1,sound_149.wav,3.0
sound_259.wav,1,sound_259.wav,3.0
sound_129.wav,1,sound_129.wav,3.0
sound_192.wav,1,sound_192.wav,3.0
mixed_sound_770_1.wav,1,mixed_sound_770_1.wav,3.0
mixed_sound_698.wav,1,mixed_sound_698.wav,3.0
sound_367.wav,1,sound_367.wav,3.0
mixed_sound_319.wav,1,mixed_sound_319.wav,3.0
mixed_sound_357_1.wav,1,mixed_sound_357_1.wav,3.0
sound_213.wav,1,sound_213.wav,3.0
sound_108.wav,1,sound_108.wav,3.0
mixed_sound_359.wav,1,mixed_sound_359.wav,3.0
mixed_sound_740_1.wav,1,mixed_sound_740_1.wav,3.0
sound_271.wav,1,sound_271.wav,3.0
mixed_sound_773_1.wav,1,mixed_sound_773_1.wav,3.0
mixed_sound_740.wav,1,mixed_sound_740.wav,3.0
sound_826.wav,1,sound_826.wav,3.0
sound_267.wav,1,sound_267.wav,3.0
sound_372_1.wav,1,sound_372_1.wav,3.0
mixed_sound_731_1.wav,1,mixed_sound_731_1.wav,3.0
sound_781_1.wav,1,sound_781_1.wav,3.0
ambulance893.wav,1,ambulance893.wav,3.0
mixed_sound_305.wav,1,mixed_sound_305.wav,3.0
sound_197.wav,1,sound_197.wav,3.0
sound_824.wav,1,sound_824.wav,3.0
mixed_sound_235.wav,1,mixed_sound_235.wav,3.0
mixed_sound_814_1.wav,1,mixed_sound_814_1.wav,3.0
mixed_sound_241.wav,1,mixed_sound_241.wav,3.0
sound_356.wav,1,sound_356.wav,3.0
mixed_sound_318.wav,1,mixed_sound_318.wav,3.0
mixed_sound_311.wav,1,mixed_sound_311.wav,3.0
sound_305.wav,1,sound_305.wav,3.0
mixed_sound_275.wav,1,mixed_sound_275.wav,3.0
mixed_sound_237.wav,1,mixed_sound_237.wav,3.0
sound_809.wav,1,sound_809.wav,3.0
mixed_sound_353.wav,1,mixed_sound_353.wav,3.0
ambulance888.wav,1,ambulance888.wav,3.0
sound_152_1.wav,1,sound_152_1.wav,3.0
mixed_sound_324_1.wav,1,mixed_sound_324_1.wav,3.0
sound_111.wav,1,sound_111.wav,3.0
sound_821.wav,1,sound_821.wav,3.0
sound_184.wav,1,sound_184.wav,3.0
sound_793_1.wav,1,sound_793_1.wav,3.0
sound_391_1.wav,1,sound_391_1.wav,3.0
sound_114.wav,1,sound_114.wav,3.0
mixed_sound_343_1.wav,1,mixed_sound_343_1.wav,3.0
sound_198.wav,1,sound_198.wav,3.0
mixed_sound_785.wav,1,mixed_sound_785.wav,3.0
mixed_sound_329.wav,1,mixed_sound_329.wav,3.0
mixed_sound_377.wav,1,mixed_sound_377.wav,3.0
mixed_sound_743_1.wav,1,mixed_sound_743_1.wav,3.0
sound_825_1.wav,1,sound_825_1.wav,3.0
mixed_sound_805.wav,1,mixed_sound_805.wav,3.0
sound_194.wav,1,sound_194.wav,3.0
mixed_sound_238_1.wav,1,mixed_sound_238_1.wav,3.0
sound_195_1.wav,1,sound_195_1.wav,3.0
mixed_sound_782.wav,1,mixed_sound_782.wav,3.0
mixed_sound_285.wav,1,mixed_sound_285.wav,3.0
sound_361_1.wav,1,sound_361_1.wav,3.0
sound_806.wav,1,sound_806.wav,3.0
mixed_sound_360.wav,1,mixed_sound_360.wav,3.0
mixed_sound_810_1.wav,1,mixed_sound_810_1.wav,3.0
mixed_sound_719.wav,1,mixed_sound_719.wav,3.0
mixed_sound_342_1.wav,1,mixed_sound_342_1.wav,3.0
mixed_sound_813_1.wav,1,mixed_sound_813_1.wav,3.0
sound_799.wav,1,sound_799.wav,3.0
sound_393.wav,1,sound_393.wav,3.0
sound_172.wav,1,sound_172.wav,3.0
mixed_sound_736.wav,1,mixed_sound_736.wav,3.0
mixed_sound_239_1.wav,1,mixed_sound_239_1.wav,3.0
mixed_sound_350_1.wav,1,mixed_sound_350_1.wav,3.0
mixed_sound_206.wav,1,mixed_sound_206.wav,3.0
ambulance871.wav,1,ambulance871.wav,3.0
sound_162.wav,1,sound_162.wav,3.0
mixed_sound_724.wav,1,mixed_sound_724.wav,3.0
sound_811.wav,1,sound_811.wav,3.0
mixed_sound_282.wav,1,mixed_sound_282.wav,3.0
mixed_sound_379.wav,1,mixed_sound_379.wav,3.0
mixed_sound_324.wav,1,mixed_sound_324.wav,3.0
mixed_sound_782_1.wav,1,mixed_sound_782_1.wav,3.0
mixed_sound_293_1.wav,1,mixed_sound_293_1.wav,3.0
mixed_sound_266.wav,1,mixed_sound_266.wav,3.0
mixed_sound_309_1.wav,1,mixed_sound_309_1.wav,3.0
mixed_sound_277.wav,1,mixed_sound_277.wav,3.0
mixed_sound_246_1.wav,1,mixed_sound_246_1.wav,3.0
mixed_sound_326_1.wav,1,mixed_sound_326_1.wav,3.0
sound_163.wav,1,sound_163.wav,3.0
mixed_sound_369.wav,1,mixed_sound_369.wav,3.0
mixed_sound_316_1.wav,1,mixed_sound_316_1.wav,3.0
sound_286.wav,1,sound_286.wav,3.0
sound_102.wav,1,sound_102.wav,3.0
sound_196.wav,1,sound_196.wav,3.0
sound_373.wav,1,sound_373.wav,3.0
mixed_sound_205_1.wav,1,mixed_sound_205_1.wav,3.0
sound_374.wav,1,sound_374.wav,3.0
sound_282.wav,1,sound_282.wav,3.0
sound_292.wav,1,sound_292.wav,3.0
mixed_sound_753_1.wav,1,mixed_sound_753_1.wav,3.0
mixed_sound_821_1.wav,1,mixed_sound_821_1.wav,3.0
sound_397.wav,1,sound_397.wav,3.0
sound_786_1.wav,1,sound_786_1.wav,3.0
sound_265.wav,1,sound_265.wav,3.0
mixed_sound_760.wav,1,mixed_sound_760.wav,3.0
mixed_sound_290_1.wav,1,mixed_sound_290_1.wav,3.0
sound_137.wav,1,sound_137.wav,3.0
mixed_sound_223.wav,1,mixed_sound_223.wav,3.0
sound_242.wav,1,sound_242.wav,3.0
mixed_sound_717.wav,1,mixed_sound_717.wav,3.0
sound_177.wav,1,sound_177.wav,3.0
mixed_sound_796.wav,1,mixed_sound_796.wav,3.0
mixed_sound_370.wav,1,mixed_sound_370.wav,3.0
mixed_sound_806_1.wav,1,mixed_sound_806_1.wav,3.0
sound_142.wav,1,sound_142.wav,3.0
mixed_sound_694.wav,1,mixed_sound_694.wav,3.0
mixed_sound_333.wav,1,mixed_sound_333.wav,3.0
sound_217.wav,1,sound_217.wav,3.0
sound_256.wav,1,sound_256.wav,3.0
sound_358_1.wav,1,sound_358_1.wav,3.0
mixed_sound_306.wav,1,mixed_sound_306.wav,3.0
ambulance875.wav,1,ambulance875.wav,3.0
mixed_sound_338.wav,1,mixed_sound_338.wav,3.0
mixed_sound_710_1.wav,1,mixed_sound_710_1.wav,3.0
mixed_sound_703.wav,1,mixed_sound_703.wav,3.0
mixed_sound_277_1.wav,1,mixed_sound_277_1.wav,3.0
sound_827.wav,1,sound_827.wav,3.0
sound_816.wav,1,sound_816.wav,3.0
mixed_sound_251_1.wav,1,mixed_sound_251_1.wav,3.0
sound_187.wav,1,sound_187.wav,3.0
mixed_sound_725.wav,1,mixed_sound_725.wav,3.0
ambulance880.wav,1,ambulance880.wav,3.0
sound_791_1.wav,1,sound_791_1.wav,3.0
mixed_sound_730_1.wav,1,mixed_sound_730_1.wav,3.0
sound_385_1.wav,1,sound_385_1.wav,3.0
mixed_sound_791_1.wav,1,mixed_sound_791_1.wav,3.0
sound_815.wav,1,sound_815.wav,3.0
mixed_sound_300.wav,1,mixed_sound_300.wav,3.0
mixed_sound_712.wav,1,mixed_sound_712.wav,3.0
sound_169_1.wav,1,sound_169_1.wav,3.0
mixed_sound_812_1.wav,1,mixed_sound_812_1.wav,3.0
mixed_sound_253.wav,1,mixed_sound_253.wav,3.0
mixed_sound_234_1.wav,1,mixed_sound_234_1.wav,3.0
mixed_sound_732_1.wav,1,mixed_sound_732_1.wav,3.0
mixed_sound_231.wav,1,mixed_sound_231.wav,3.0
sound_820.wav,1,sound_820.wav,3.0
mixed_sound_315_1.wav,1,mixed_sound_315_1.wav,3.0
sound_261.wav,1,sound_261.wav,3.0
mixed_sound_210_1.wav,1,mixed_sound_210_1.wav,3.0
sound_145.wav,1,sound_145.wav,3.0
sound_198_1.wav,1,sound_198_1.wav,3.0
mixed_sound_320_1.wav,1,mixed_sound_320_1.wav,3.0
mixed_sound_345.wav,1,mixed_sound_345.wav,3.0
mixed_sound_221_1.wav,1,mixed_sound_221_1.wav,3.0
mixed_sound_759_1.wav,1,mixed_sound_759_1.wav,3.0
sound_132.wav,1,sound_132.wav,3.0
mixed_sound_351_1.wav,1,mixed_sound_351_1.wav,3.0
ambulance861.wav,1,ambulance861.wav,3.0
mixed_sound_259_1.wav,1,mixed_sound_259_1.wav,3.0
mixed_sound_220.wav,1,mixed_sound_220.wav,3.0
mixed_sound_739.wav,1,mixed_sound_739.wav,3.0
sound_366_1.wav,1,sound_366_1.wav,3.0
sound_156_1.wav,1,sound_156_1.wav,3.0
mixed_sound_688.wav,1,mixed_sound_688.wav,3.0
mixed_sound_208.wav,1,mixed_sound_208.wav,3.0
sound_200.wav,1,sound_200.wav,3.0
mixed_sound_357.wav,1,mixed_sound_357.wav,3.0
sound_245.wav,1,sound_245.wav,3.0
sound_355.wav,1,sound_355.wav,3.0
mixed_sound_362_1.wav,1,mixed_sound_362_1.wav,3.0
sound_399.wav,1,sound_399.wav,3.0
mixed_sound_367.wav,1,mixed_sound_367.wav,3.0
mixed_sound_314_1.wav,1,mixed_sound_314_1.wav,3.0
mixed_sound_350.wav,1,mixed_sound_350.wav,3.0
mixed_sound_221.wav,1,mixed_sound_221.wav,3.0
sound_252.wav,1,sound_252.wav,3.0
sound_290.wav,1,sound_290.wav,3.0
mixed_sound_281_1.wav,1,mixed_sound_281_1.wav,3.0
mixed_sound_282_1.wav,1,mixed_sound_282_1.wav,3.0
mixed_sound_775.wav,1,mixed_sound_775.wav,3.0
sound_199_1.wav,1,sound_199_1.wav,3.0
sound_188_1.wav,1,sound_188_1.wav,3.0
mixed_sound_685_1.wav,1,mixed_sound_685_1.wav,3.0
mixed_sound_255_1.wav,1,mixed_sound_255_1.wav,3.0
sound_359.wav,1,sound_359.wav,3.0
mixed_sound_745_1.wav,1,mixed_sound_745_1.wav,3.0
sound_385.wav,1,sound_385.wav,3.0
mixed_sound_720.wav,1,mixed_sound_720.wav,3.0
mixed_sound_283_1.wav,1,mixed_sound_283_1.wav,3.0
sound_170_1.wav,1,sound_170_1.wav,3.0
sound_788.wav,1,sound_788.wav,3.0
sound_351.wav,1,sound_351.wav,3.0
mixed_sound_344_1.wav,1,mixed_sound_344_1.wav,3.0
ambulance878.wav,1,ambulance878.wav,3.0
sound_128.wav,1,sound_128.wav,3.0
sound_104.wav,1,sound_104.wav,3.0
mixed_sound_786.wav,1,mixed_sound_786.wav,3.0
mixed_sound_269.wav,1,mixed_sound_269.wav,3.0
sound_813_1.wav,1,sound_813_1.wav,3.0
mixed_sound_707_1.wav,1,mixed_sound_707_1.wav,3.0
sound_783.wav,1,sound_783.wav,3.0
mixed_sound_273_1.wav,1,mixed_sound_273_1.wav,3.0
mixed_sound_337.wav,1,mixed_sound_337.wav,3.0
sound_392.wav,1,sound_392.wav,3.0
mixed_sound_274.wav,1,mixed_sound_274.wav,3.0
sound_368.wav,1,sound_368.wav,3.0
sound_822_1.wav,1,sound_822_1.wav,3.0
mixed_sound_702_1.wav,1,mixed_sound_702_1.wav,3.0
mixed_sound_347_1.wav,1,mixed_sound_347_1.wav,3.0
mixed_sound_320.wav,1,mixed_sound_320.wav,3.0
mixed_sound_693_1.wav,1,mixed_sound_693_1.wav,3.0
mixed_sound_733.wav,1,mixed_sound_733.wav,3.0
mixed_sound_818_1.wav,1,mixed_sound_818_1.wav,3.0
sound_807.wav,1,sound_807.wav,3.0
ambulance884.wav,1,ambulance884.wav,3.0
mixed_sound_695_1.wav,1,mixed_sound_695_1.wav,3.0
sound_356_1.wav,1,sound_356_1.wav,3.0
mixed_sound_757_1.wav,1,mixed_sound_757_1.wav,3.0
mixed_sound_713_1.wav,1,mixed_sound_713_1.wav,3.0
mixed_sound_338_1.wav,1,mixed_sound_338_1.wav,3.0
sound_291.wav,1,sound_291.wav,3.0
sound_210.wav,1,sound_210.wav,3.0
mixed_sound_302_1.wav,1,mixed_sound_302_1.wav,3.0
ambulance891.wav,1,ambulance891.wav,3.0
sound_123.wav,1,sound_123.wav,3.0
sound_218.wav,1,sound_218.wav,3.0
sound_175_1.wav,1,sound_175_1.wav,3.0
sound_273.wav,1,sound_273.wav,3.0
mixed_sound_691_1.wav,1,mixed_sound_691_1.wav,3.0
mixed_sound_700.wav,1,mixed_sound_700.wav,3.0
mixed_sound_249.wav,1,mixed_sound_249.wav,3.0
mixed_sound_727_1.wav,1,mixed_sound_727_1.wav,3.0
sound_364.wav,1,sound_364.wav,3.0
mixed_sound_720_1.wav,1,mixed_sound_720_1.wav,3.0
mixed_sound_218_1.wav,1,mixed_sound_218_1.wav,3.0
mixed_sound_258.wav,1,mixed_sound_258.wav,3.0
sound_352_1.wav,1,sound_352_1.wav,3.0
mixed_sound_374_1.wav,1,mixed_sound_374_1.wav,3.0
mixed_sound_242.wav,1,mixed_sound_242.wav,3.0
mixed_sound_765.wav,1,mixed_sound_765.wav,3.0
mixed_sound_722.wav,1,mixed_sound_722.wav,3.0
sound_643.wav,0,sound_643.wav,3.0
road519.wav,0,road519.wav,3.0
road557.wav,0,road557.wav,3.0
sound_750.wav,0,sound_750.wav,3.0
road356.wav,0,road356.wav,3.0
sound_753.wav,0,sound_753.wav,3.0
road381.wav,0,road381.wav,3.0
road311.wav,0,road311.wav,3.0
road281.wav,0,road281.wav,3.0
road99.wav,0,road99.wav,3.0
road450.wav,0,road450.wav,3.0
road525.wav,0,road525.wav,3.0
road254.wav,0,road254.wav,3.0
5_201172_A_46.wav,0,5_201172_A_46.wav,3.0
road43.wav,0,road43.wav,3.0
sound_645.wav,0,sound_645.wav,3.0
road268.wav,0,road268.wav,3.0
road552.wav,0,road552.wav,3.0
sound_813.wav,0,sound_813.wav,3.0
5_201170_A_46.wav,0,5_201170_A_46.wav,3.0
road397.wav,0,road397.wav,3.0
road298.wav,0,road298.wav,3.0
sound_579.wav,0,sound_579.wav,3.0
sound_765.wav,0,sound_765.wav,3.0
road387.wav,0,road387.wav,3.0
road902.wav,0,road902.wav,3.0
road624.wav,0,road624.wav,3.0
road294.wav,0,road294.wav,3.0
sound_678.wav,0,sound_678.wav,3.0
road230.wav,0,road230.wav,3.0
road498.wav,0,road498.wav,3.0
sound_776.wav,0,sound_776.wav,3.0
road317.wav,0,road317.wav,3.0
road473.wav,0,road473.wav,3.0
road247.wav,0,road247.wav,3.0
5_212736_A_17.wav,0,5_212736_A_17.wav,3.0
sound_805.wav,0,sound_805.wav,3.0
road524.wav,0,road524.wav,3.0
road88.wav,0,road88.wav,3.0
road245.wav,0,road245.wav,3.0
5_198411_B_20.wav,0,5_198411_B_20.wav,3.0
road40.wav,0,road40.wav,3.0
road12.wav,0,road12.wav,3.0
sound_439.wav,0,sound_439.wav,3.0
5_209992_B_44.wav,0,5_209992_B_44.wav,3.0
road401.wav,0,road401.wav,3.0
5_209989_A_22.wav,0,5_209989_A_22.wav,3.0
sound_623.wav,0,sound_623.wav,3.0
sound_563.wav,0,sound_563.wav,3.0
road486.wav,0,road486.wav,3.0
5_203739_A_10.wav,0,5_203739_A_10.wav,3.0
road182.wav,0,road182.wav,3.0
sound_597.wav,0,sound_597.wav,3.0
sound_611.wav,0,sound_611.wav,3.0
road263.wav,0,road263.wav,3.0
road547.wav,0,road547.wav,3.0
sound_808.wav,0,sound_808.wav,3.0
sound_630.wav,0,sound_630.wav,3.0
road239.wav,0,road239.wav,3.0
road229.wav,0,road229.wav,3.0
road327.wav,0,road327.wav,3.0
sound_616.wav,0,sound_616.wav,3.0
sound_755.wav,0,sound_755.wav,3.0
road439.wav,0,road439.wav,3.0
5_195710_A_10.wav,0,5_195710_A_10.wav,3.0
sound_601.wav,0,sound_601.wav,3.0
road1.wav,0,road1.wav,3.0
road155.wav,0,road155.wav,3.0
road253.wav,0,road253.wav,3.0
road374.wav,0,road374.wav,3.0
sound_676.wav,0,sound_676.wav,3.0
sound_433.wav,0,sound_433.wav,3.0
road98.wav,0,road98.wav,3.0
sound_605.wav,0,sound_605.wav,3.0
road629.wav,0,road629.wav,3.0
road166.wav,0,road166.wav,3.0
sound_670.wav,0,sound_670.wav,3.0
road61.wav,0,road61.wav,3.0
sound_558.wav,0,sound_558.wav,3.0
sound_607.wav,0,sound_607.wav,3.0
sound_453.wav,0,sound_453.wav,3.0
sound_741.wav,0,sound_741.wav,3.0
sound_566.wav,0,sound_566.wav,3.0
road626.wav,0,road626.wav,3.0
sound_685.wav,0,sound_685.wav,3.0
road191.wav,0,road191.wav,3.0
sound_760.wav,0,sound_760.wav,3.0
road590.wav,0,road590.wav,3.0
road26.wav,0,road26.wav,3.0
road149.wav,0,road149.wav,3.0
sound_626.wav,0,sound_626.wav,3.0
road190.wav,0,road190.wav,3.0
5_205898_A_40.wav,0,5_205898_A_40.wav,3.0
sound_421.wav,0,sound_421.wav,3.0
road415.wav,0,road415.wav,3.0
road177.wav,0,road177.wav,3.0
road480.wav,0,road480.wav,3.0
sound_484.wav,0,sound_484.wav,3.0
sound_425.wav,0,sound_425.wav,3.0
road341.wav,0,road341.wav,3.0
road434.wav,0,road434.wav,3.0
road872.wav,0,road872.wav,3.0
road536.wav,0,road536.wav,3.0
sound_542.wav,0,sound_542.wav,3.0
road390.wav,0,road390.wav,3.0
road117.wav,0,road117.wav,3.0
sound_477.wav,0,sound_477.wav,3.0
road174.wav,0,road174.wav,3.0
road55.wav,0,road55.wav,3.0
road490.wav,0,road490.wav,3.0
road458.wav,0,road458.wav,3.0
road583.wav,0,road583.wav,3.0
road122.wav,0,road122.wav,3.0
sound_463.wav,0,sound_463.wav,3.0
road30.wav,0,road30.wav,3.0
sound_737.wav,0,sound_737.wav,3.0
road888.wav,0,road888.wav,3.0
road563.wav,0,road563.wav,3.0
sound_791.wav,0,sound_791.wav,3.0
road898.wav,0,road898.wav,3.0
5_198411_A_20.wav,0,5_198411_A_20.wav,3.0
road289.wav,0,road289.wav,3.0
road643.wav,0,road643.wav,3.0
road424.wav,0,road424.wav,3.0
road292.wav,0,road292.wav,3.0
sound_648.wav,0,sound_648.wav,3.0
sound_512.wav,0,sound_512.wav,3.0
road295.wav,0,road295.wav,3.0
road376.wav,0,road376.wav,3.0
road564.wav,0,road564.wav,3.0
road266.wav,0,road266.wav,3.0
road487.wav,0,road487.wav,3.0
road663.wav,0,road663.wav,3.0
sound_784.wav,0,sound_784.wav,3.0
sound_496.wav,0,sound_496.wav,3.0
road368.wav,0,road368.wav,3.0
5_207836_D_29.wav,0,5_207836_D_29.wav,3.0
5_200334_B_1.wav,0,5_200334_B_1.wav,3.0
sound_659.wav,0,sound_659.wav,3.0
road163.wav,0,road163.wav,3.0
road419.wav,0,road419.wav,3.0
sound_536.wav,0,sound_536.wav,3.0
road438.wav,0,road438.wav,3.0
road869.wav,0,road869.wav,3.0
road151.wav,0,road151.wav,3.0
sound_569.wav,0,sound_569.wav,3.0
road503.wav,0,road503.wav,3.0
sound_410.wav,0,sound_410.wav,3.0
5_212734_A_17.wav,0,5_212734_A_17.wav,3.0
road77.wav,0,road77.wav,3.0
sound_533.wav,0,sound_533.wav,3.0
road506.wav,0,road506.wav,3.0
road372.wav,0,road372.wav,3.0
sound_652.wav,0,sound_652.wav,3.0
sound_819.wav,0,sound_819.wav,3.0
road51.wav,0,road51.wav,3.0
road537.wav,0,road537.wav,3.0
road87.wav,0,road87.wav,3.0
road145.wav,0,road145.wav,3.0
road553.wav,0,road553.wav,3.0
road854.wav,0,road854.wav,3.0
sound_501.wav,0,sound_501.wav,3.0
road617.wav,0,road617.wav,3.0
road672.wav,0,road672.wav,3.0
road336.wav,0,road336.wav,3.0
road500.wav,0,road500.wav,3.0
sound_417.wav,0,sound_417.wav,3.0
road559.wav,0,road559.wav,3.0
sound_416.wav,0,sound_416.wav,3.0
road22.wav,0,road22.wav,3.0
road204.wav,0,road204.wav,3.0
road19.wav,0,road19.wav,3.0
road282.wav,0,road282.wav,3.0
road893.wav,0,road893.wav,3.0
sound_660.wav,0,sound_660.wav,3.0
sound_802.wav,0,sound_802.wav,3.0
5_208810_B_11.wav,0,5_208810_B_11.wav,3.0
road349.wav,0,road349.wav,3.0
road858.wav,0,road858.wav,3.0
sound_444.wav,0,sound_444.wav,3.0
sound_517.wav,0,sound_517.wav,3.0
sound_403.wav,0,sound_403.wav,3.0
sound_574.wav,0,sound_574.wav,3.0
sound_715.wav,0,sound_715.wav,3.0
sound_475.wav,0,sound_475.wav,3.0
sound_764.wav,0,sound_764.wav,3.0
sound_561.wav,0,sound_561.wav,3.0
road178.wav,0,road178.wav,3.0
road297.wav,0,road297.wav,3.0
road103.wav,0,road103.wav,3.0
sound_720.wav,0,sound_720.wav,3.0
road29.wav,0,road29.wav,3.0
road192.wav,0,road192.wav,3.0
road74.wav,0,road74.wav,3.0
road664.wav,0,road664.wav,3.0
road52.wav,0,road52.wav,3.0
road647.wav,0,road647.wav,3.0
road369.wav,0,road369.wav,3.0
road180.wav,0,road180.wav,3.0
road455.wav,0,road455.wav,3.0
road41.wav,0,road41.wav,3.0
sound_674.wav,0,sound_674.wav,3.0
road179.wav,0,road179.wav,3.0
sound_527.wav,0,sound_527.wav,3.0
road321.wav,0,road321.wav,3.0
road383.wav,0,road383.wav,3.0
road272.wav,0,road272.wav,3.0
road440.wav,0,road440.wav,3.0
road215.wav,0,road215.wav,3.0
road375.wav,0,road375.wav,3.0
sound_472.wav,0,sound_472.wav,3.0
road114.wav,0,road114.wav,3.0
sound_418.wav,0,sound_418.wav,3.0
road865.wav,0,road865.wav,3.0
road360.wav,0,road360.wav,3.0
road644.wav,0,road644.wav,3.0
road70.wav,0,road70.wav,3.0
road478.wav,0,road478.wav,3.0
road569.wav,0,road569.wav,3.0
sound_406.wav,0,sound_406.wav,3.0
road896.wav,0,road896.wav,3.0
road648.wav,0,road648.wav,3.0
road365.wav,0,road365.wav,3.0
road330.wav,0,road330.wav,3.0
road238.wav,0,road238.wav,3.0
road312.wav,0,road312.wav,3.0
road218.wav,0,road218.wav,3.0
road859.wav,0,road859.wav,3.0
road216.wav,0,road216.wav,3.0
sound_486.wav,0,sound_486.wav,3.0
sound_415.wav,0,sound_415.wav,3.0
road147.wav,0,road147.wav,3.0
road899.wav,0,road899.wav,3.0
sound_627.wav,0,sound_627.wav,3.0
road139.wav,0,road139.wav,3.0
road326.wav,0,road326.wav,3.0
sound_707.wav,0,sound_707.wav,3.0
road635.wav,0,road635.wav,3.0
sound_519.wav,0,sound_519.wav,3.0
sound_564.wav,0,sound_564.wav,3.0
road451.wav,0,road451.wav,3.0
sound_637.wav,0,sound_637.wav,3.0
sound_628.wav,0,sound_628.wav,3.0
road518.wav,0,road518.wav,3.0
road248.wav,0,road248.wav,3.0
5_198278_B_7.wav,0,5_198278_B_7.wav,3.0
road366.wav,0,road366.wav,3.0
5_198411_G_20.wav,0,5_198411_G_20.wav,3.0
road565.wav,0,road565.wav,3.0
road378.wav,0,road378.wav,3.0
sound_580.wav,0,sound_580.wav,3.0
road331.wav,0,road331.wav,3.0
sound_621.wav,0,sound_621.wav,3.0
sound_424.wav,0,sound_424.wav,3.0
road109.wav,0,road109.wav,3.0
road358.wav,0,road358.wav,3.0
road469.wav,0,road469.wav,3.0
sound_620.wav,0,sound_620.wav,3.0
road675.wav,0,road675.wav,3.0
sound_644.wav,0,sound_644.wav,3.0
road288.wav,0,road288.wav,3.0
road354.wav,0,road354.wav,3.0
road485.wav,0,road485.wav,3.0
5_198278_C_7.wav,0,5_198278_C_7.wav,3.0
sound_719.wav,0,sound_719.wav,3.0
road130.wav,0,road130.wav,3.0
sound_491.wav,0,sound_491.wav,3.0
road570.wav,0,road570.wav,3.0
road156.wav,0,road156.wav,3.0
road639.wav,0,road639.wav,3.0
road584.wav,0,road584.wav,3.0
road121.wav,0,road121.wav,3.0
road625.wav,0,road625.wav,3.0
sound_442.wav,0,sound_442.wav,3.0
road604.wav,0,road604.wav,3.0
sound_803.wav,0,sound_803.wav,3.0
sound_748.wav,0,sound_748.wav,3.0
5_200461_B_11.wav,0,5_200461_B_11.wav,3.0
sound_732.wav,0,sound_732.wav,3.0
sound_704.wav,0,sound_704.wav,3.0
5_199284_B_45.wav,0,5_199284_B_45.wav,3.0
5_204114_A_29.wav,0,5_204114_A_29.wav,3.0
sound_734.wav,0,sound_734.wav,3.0
road514.wav,0,road514.wav,3.0
road660.wav,0,road660.wav,3.0
sound_516.wav,0,sound_516.wav,3.0
road649.wav,0,road649.wav,3.0
road611.wav,0,road611.wav,3.0
road642.wav,0,road642.wav,3.0
road420.wav,0,road420.wav,3.0
road307.wav,0,road307.wav,3.0
road338.wav,0,road338.wav,3.0
sound_787.wav,0,sound_787.wav,3.0
5_212059_A_36.wav,0,5_212059_A_36.wav,3.0
sound_612.wav,0,sound_612.wav,3.0
sound_744.wav,0,sound_744.wav,3.0
5_202898_A_10.wav,0,5_202898_A_10.wav,3.0
road501.wav,0,road501.wav,3.0
5_204741_A_46.wav,0,5_204741_A_46.wav,3.0
sound_502.wav,0,sound_502.wav,3.0
road355.wav,0,road355.wav,3.0
sound_448.wav,0,sound_448.wav,3.0
road209.wav,0,road209.wav,3.0
sound_756.wav,0,sound_756.wav,3.0
road167.wav,0,road167.wav,3.0
road273.wav,0,road273.wav,3.0
sound_555.wav,0,sound_555.wav,3.0
road337.wav,0,road337.wav,3.0
road427.wav,0,road427.wav,3.0
road667.wav,0,road667.wav,3.0
road242.wav,0,road242.wav,3.0
5_202220_A_21.wav,0,5_202220_A_21.wav,3.0
road661.wav,0,road661.wav,3.0
road602.wav,0,road602.wav,3.0
sound_479.wav,0,sound_479.wav,3.0
road392.wav,0,road392.wav,3.0
sound_469.wav,0,sound_469.wav,3.0
sound_694.wav,0,sound_694.wav,3.0
road541.wav,0,road541.wav,3.0
road877.wav,0,road877.wav,3.0
road567.wav,0,road567.wav,3.0
sound_490.wav,0,sound_490.wav,3.0
road558.wav,0,road558.wav,3.0
road361.wav,0,road361.wav,3.0
sound_804.wav,0,sound_804.wav,3.0
road620.wav,0,road620.wav,3.0
road430.wav,0,road430.wav,3.0
road654.wav,0,road654.wav,3.0
5_200329_B_8.wav,0,5_200329_B_8.wav,3.0
sound_631.wav,0,sound_631.wav,3.0
sound_701.wav,0,sound_701.wav,3.0
road551.wav,0,road551.wav,3.0
road13.wav,0,road13.wav,3.0
road462.wav,0,road462.wav,3.0
road108.wav,0,road108.wav,3.0
road301.wav,0,road301.wav,3.0
road234.wav,0,road234.wav,3.0
5_194899_C_3.wav,0,5_194899_C_3.wav,3.0
sound_619.wav,0,sound_619.wav,3.0
road576.wav,0,road576.wav,3.0
road306.wav,0,road306.wav,3.0
road280.wav,0,road280.wav,3.0
road49.wav,0,road49.wav,3.0
sound_603.wav,0,sound_603.wav,3.0
road316.wav,0,road316.wav,3.0
road126.wav,0,road126.wav,3.0
road651.wav,0,road651.wav,3.0
sound_647.wav,0,sound_647.wav,3.0
road173.wav,0,road173.wav,3.0
5_198411_D_20.wav,0,5_198411_D_20.wav,3.0
road441.wav,0,road441.wav,3.0
road47.wav,0,road47.wav,3.0
road285.wav,0,road285.wav,3.0
road146.wav,0,road146.wav,3.0
sound_786.wav,0,sound_786.wav,3.0
road534.wav,0,road534.wav,3.0
road481.wav,0,road481.wav,3.0
road221.wav,0,road221.wav,3.0
road50.wav,0,road50.wav,3.0
sound_573.wav,0,sound_573.wav,3.0
sound_759.wav,0,sound_759.wav,3.0
road860.wav,0,road860.wav,3.0
road53.wav,0,road53.wav,3.0
sound_526.wav,0,sound_526.wav,3.0
road291.wav,0,road291.wav,3.0
sound_770.wav,0,sound_770.wav,3.0
sound_782.wav,0,sound_782.wav,3.0
road380.wav,0,road380.wav,3.0
sound_673.wav,0,sound_673.wav,3.0
road123.wav,0,road123.wav,3.0
sound_635.wav,0,sound_635.wav,3.0
road92.wav,0,road92.wav,3.0
sound_697.wav,0,sound_697.wav,3.0
road205.wav,0,road205.wav,3.0
road28.wav,0,road28.wav,3.0
road889.wav,0,road889.wav,3.0
sound_693.wav,0,sound_693.wav,3.0
road384.wav,0,road384.wav,3.0
road897.wav,0,road897.wav,3.0
sound_548.wav,0,sound_548.wav,3.0
road309.wav,0,road309.wav,3.0
sound_633.wav,0,sound_633.wav,3.0
sound_696.wav,0,sound_696.wav,3.0
sound_642.wav,0,sound_642.wav,3.0
road457.wav,0,road457.wav,3.0
5_212454_A_0.wav,0,5_212454_A_0.wav,3.0
road25.wav,0,road25.wav,3.0
sound_682.wav,0,sound_682.wav,3.0
road535.wav,0,road535.wav,3.0
road56.wav,0,road56.wav,3.0
road31.wav,0,road31.wav,3.0
sound_595.wav,0,sound_595.wav,3.0
road246.wav,0,road246.wav,3.0
road655.wav,0,road655.wav,3.0
road220.wav,0,road220.wav,3.0
sound_793.wav,0,sound_793.wav,3.0
sound_730.wav,0,sound_730.wav,3.0
road132.wav,0,road132.wav,3.0
road873.wav,0,road873.wav,3.0
road442.wav,0,road442.wav,3.0
road320.wav,0,road320.wav,3.0
road34.wav,0,road34.wav,3.0
sound_450.wav,0,sound_450.wav,3.0
road587.wav,0,road587.wav,3.0
5_194932_A_7.wav,0,5_194932_A_7.wav,3.0
road499.wav,0,road499.wav,3.0
road207.wav,0,road207.wav,3.0
sound_445.wav,0,sound_445.wav,3.0
5_209992_A_44.wav,0,5_209992_A_44.wav,3.0
road64.wav,0,road64.wav,3.0
sound_492.wav,0,sound_492.wav,3.0
sound_505.wav,0,sound_505.wav,3.0
road8.wav,0,road8.wav,3.0
sound_562.wav,0,sound_562.wav,3.0
road594.wav,0,road594.wav,3.0
road84.wav,0,road84.wav,3.0
sound_700.wav,0,sound_700.wav,3.0
sound_483.wav,0,sound_483.wav,3.0
sound_726.wav,0,sound_726.wav,3.0
road669.wav,0,road669.wav,3.0
sound_585.wav,0,sound_585.wav,3.0
5_208624_A_38.wav,0,5_208624_A_38.wav,3.0
5_207781_A_17.wav,0,5_207781_A_17.wav,3.0
5_200329_C_8.wav,0,5_200329_C_8.wav,3.0
sound_624.wav,0,sound_624.wav,3.0
road671.wav,0,road671.wav,3.0
sound_617.wav,0,sound_617.wav,3.0
road443.wav,0,road443.wav,3.0
road546.wav,0,road546.wav,3.0
road638.wav,0,road638.wav,3.0
sound_757.wav,0,sound_757.wav,3.0
road153.wav,0,road153.wav,3.0
road364.wav,0,road364.wav,3.0
sound_431.wav,0,sound_431.wav,3.0
5_197121_A_45.wav,0,5_197121_A_45.wav,3.0
road444.wav,0,road444.wav,3.0
road148.wav,0,road148.wav,3.0
road9.wav,0,road9.wav,3.0
5_201194_A_38.wav,0,5_201194_A_38.wav,3.0
road881.wav,0,road881.wav,3.0
road476.wav,0,road476.wav,3.0
road885.wav,0,road885.wav,3.0
road571.wav,0,road571.wav,3.0
sound_482.wav,0,sound_482.wav,3.0
sound_716.wav,0,sound_716.wav,3.0
5_213293_A_23.wav,0,5_213293_A_23.wav,3.0
road97.wav,0,road97.wav,3.0
road609.wav,0,road609.wav,3.0
5_210540_A_13.wav,0,5_210540_A_13.wav,3.0
road460.wav,0,road460.wav,3.0
road426.wav,0,road426.wav,3.0
road871.wav,0,road871.wav,3.0
5_202795_A_3.wav,0,5_202795_A_3.wav,3.0
road96.wav,0,road96.wav,3.0
road542.wav,0,road542.wav,3.0
road345.wav,0,road345.wav,3.0
road188.wav,0,road188.wav,3.0
sound_695.wav,0,sound_695.wav,3.0
road449.wav,0,road449.wav,3.0
5_204352_B_13.wav,0,5_204352_B_13.wav,3.0
road578.wav,0,road578.wav,3.0
sound_789.wav,0,sound_789.wav,3.0
sound_409.wav,0,sound_409.wav,3.0
road421.wav,0,road421.wav,3.0
road299.wav,0,road299.wav,3.0
road150.wav,0,road150.wav,3.0
5_202540_A_18.wav,0,5_202540_A_18.wav,3.0
road606.wav,0,road606.wav,3.0
road21.wav,0,road21.wav,3.0
sound_632.wav,0,sound_632.wav,3.0
road613.wav,0,road613.wav,3.0
sound_413.wav,0,sound_413.wav,3.0
road399.wav,0,road399.wav,3.0
sound_405.wav,0,sound_405.wav,3.0
sound_800.wav,0,sound_800.wav,3.0
road868.wav,0,road868.wav,3.0
road405.wav,0,road405.wav,3.0
sound_559.wav,0,sound_559.wav,3.0
sound_414.wav,0,sound_414.wav,3.0
sound_506.wav,0,sound_506.wav,3.0
sound_746.wav,0,sound_746.wav,3.0
sound_774.wav,0,sound_774.wav,3.0
road367.wav,0,road367.wav,3.0
road110.wav,0,road110.wav,3.0
road435.wav,0,road435.wav,3.0
road867.wav,0,road867.wav,3.0
road57.wav,0,road57.wav,3.0
sound_586.wav,0,sound_586.wav,3.0
road482.wav,0,road482.wav,3.0
road418.wav,0,road418.wav,3.0
sound_779.wav,0,sound_779.wav,3.0
sound_812.wav,0,sound_812.wav,3.0
road315.wav,0,road315.wav,3.0
sound_735.wav,0,sound_735.wav,3.0
road212.wav,0,road212.wav,3.0
5_213802_A_12.wav,0,5_213802_A_12.wav,3.0
sound_530.wav,0,sound_530.wav,3.0
sound_401.wav,0,sound_401.wav,3.0
sound_446.wav,0,sound_446.wav,3.0
road561.wav,0,road561.wav,3.0
road334.wav,0,road334.wav,3.0
sound_794.wav,0,sound_794.wav,3.0
road198.wav,0,road198.wav,3.0
sound_560.wav,0,sound_560.wav,3.0
road133.wav,0,road133.wav,3.0
road408.wav,0,road408.wav,3.0
road189.wav,0,road189.wav,3.0
road270.wav,0,road270.wav,3.0
road645.wav,0,road645.wav,3.0
road668.wav,0,road668.wav,3.0
road483.wav,0,road483.wav,3.0
road637.wav,0,road637.wav,3.0
sound_691.wav,0,sound_691.wav,3.0
road267.wav,0,road267.wav,3.0
road141.wav,0,road141.wav,3.0
road261.wav,0,road261.wav,3.0
road680.wav,0,road680.wav,3.0
road494.wav,0,road494.wav,3.0
road488.wav,0,road488.wav,3.0
sound_532.wav,0,sound_532.wav,3.0
road168.wav,0,road168.wav,3.0
road305.wav,0,road305.wav,3.0
road235.wav,0,road235.wav,3.0
5_200339_A_1.wav,0,5_200339_A_1.wav,3.0
sound_568.wav,0,sound_568.wav,3.0
road448.wav,0,road448.wav,3.0
road214.wav,0,road214.wav,3.0
road562.wav,0,road562.wav,3.0
sound_465.wav,0,sound_465.wav,3.0
road479.wav,0,road479.wav,3.0
road213.wav,0,road213.wav,3.0
5_208030_A_0.wav,0,5_208030_A_0.wav,3.0
road861.wav,0,road861.wav,3.0
sound_758.wav,0,sound_758.wav,3.0
sound_518.wav,0,sound_518.wav,3.0
5_211408_A_37.wav,0,5_211408_A_37.wav,3.0
5_197118_A_45.wav,0,5_197118_A_45.wav,3.0
road641.wav,0,road641.wav,3.0
sound_773.wav,0,sound_773.wav,3.0
road93.wav,0,road93.wav,3.0
sound_672.wav,0,sound_672.wav,3.0
5_212054_A_36.wav,0,5_212054_A_36.wav,3.0
road560.wav,0,road560.wav,3.0
road59.wav,0,road59.wav,3.0
road131.wav,0,road131.wav,3.0
road186.wav,0,road186.wav,3.0
road69.wav,0,road69.wav,3.0
sound_721.wav,0,sound_721.wav,3.0
sound_510.wav,0,sound_510.wav,3.0
road300.wav,0,road300.wav,3.0
road37.wav,0,road37.wav,3.0
sound_513.wav,0,sound_513.wav,3.0
road677.wav,0,road677.wav,3.0
road379.wav,0,road379.wav,3.0
sound_454.wav,0,sound_454.wav,3.0
sound_554.wav,0,sound_554.wav,3.0
5_211197_A_24.wav,0,5_211197_A_24.wav,3.0
road396.wav,0,road396.wav,3.0
road596.wav,0,road596.wav,3.0
road456.wav,0,road456.wav,3.0
sound_480.wav,0,sound_480.wav,3.0
sound_538.wav,0,sound_538.wav,3.0
road416.wav,0,road416.wav,3.0
road540.wav,0,road540.wav,3.0
road231.wav,0,road231.wav,3.0
road605.wav,0,road605.wav,3.0
road652.wav,0,road652.wav,3.0
sound_440.wav,0,sound_440.wav,3.0
road512.wav,0,road512.wav,3.0
sound_412.wav,0,sound_412.wav,3.0
road895.wav,0,road895.wav,3.0
sound_795.wav,0,sound_795.wav,3.0
road82.wav,0,road82.wav,3.0
road437.wav,0,road437.wav,3.0
road543.wav,0,road543.wav,3.0
road531.wav,0,road531.wav,3.0
road287.wav,0,road287.wav,3.0
road497.wav,0,road497.wav,3.0
road262.wav,0,road262.wav,3.0
sound_622.wav,0,sound_622.wav,3.0
road181.wav,0,road181.wav,3.0
sound_588.wav,0,sound_588.wav,3.0
road389.wav,0,road389.wav,3.0
road496.wav,0,road496.wav,3.0
road94.wav,0,road94.wav,3.0
sound_428.wav,0,sound_428.wav,3.0
road115.wav,0,road115.wav,3.0
sound_712.wav,0,sound_712.wav,3.0
road432.wav,0,road432.wav,3.0
sound_608.wav,0,sound_608.wav,3.0
sound_596.wav,0,sound_596.wav,3.0
road529.wav,0,road529.wav,3.0
road422.wav,0,road422.wav,3.0
road581.wav,0,road581.wav,3.0
sound_497.wav,0,sound_497.wav,3.0
sound_447.wav,0,sound_447.wav,3.0
road352.wav,0,road352.wav,3.0
sound_575.wav,0,sound_575.wav,3.0
road428.wav,0,road428.wav,3.0
sound_681.wav,0,sound_681.wav,3.0
road170.wav,0,road170.wav,3.0
sound_435.wav,0,sound_435.wav,3.0
sound_796.wav,0,sound_796.wav,3.0
5_199284_A_45.wav,0,5_199284_A_45.wav,3.0
road410.wav,0,road410.wav,3.0
sound_464.wav,0,sound_464.wav,3.0
road73.wav,0,road73.wav,3.0
road464.wav,0,road464.wav,3.0
sound_438.wav,0,sound_438.wav,3.0
road407.wav,0,road407.wav,3.0
5_207811_A_35.wav,0,5_207811_A_35.wav,3.0
road347.wav,0,road347.wav,3.0
road203.wav,0,road203.wav,3.0
sound_679.wav,0,sound_679.wav,3.0
road7.wav,0,road7.wav,3.0
road42.wav,0,road42.wav,3.0
road107.wav,0,road107.wav,3.0
5_195518_A_7.wav,0,5_195518_A_7.wav,3.0
5_205589_B_17.wav,0,5_205589_B_17.wav,3.0
sound_500.wav,0,sound_500.wav,3.0
road646.wav,0,road646.wav,3.0
sound_778.wav,0,sound_778.wav,3.0
sound_547.wav,0,sound_547.wav,3.0
sound_514.wav,0,sound_514.wav,3.0
road125.wav,0,road125.wav,3.0
road463.wav,0,road463.wav,3.0
sound_583.wav,0,sound_583.wav,3.0
sound_657.wav,0,sound_657.wav,3.0
road251.wav,0,road251.wav,3.0
road883.wav,0,road883.wav,3.0
sound_798.wav,0,sound_798.wav,3.0
road284.wav,0,road284.wav,3.0
road425.wav,0,road425.wav,3.0
road275.wav,0,road275.wav,3.0
sound_745.wav,0,sound_745.wav,3.0
road666.wav,0,road666.wav,3.0
road391.wav,0,road391.wav,3.0
sound_589.wav,0,sound_589.wav,3.0
sound_708.wav,0,sound_708.wav,3.0
sound_572.wav,0,sound_572.wav,3.0
road296.wav,0,road296.wav,3.0
sound_699.wav,0,sound_699.wav,3.0
5_204604_A_24.wav,0,5_204604_A_24.wav,3.0
sound_736.wav,0,sound_736.wav,3.0
road46.wav,0,road46.wav,3.0
road4.wav,0,road4.wav,3.0
sound_780.wav,0,sound_780.wav,3.0
road492.wav,0,road492.wav,3.0
sound_663.wav,0,sound_663.wav,3.0
road18.wav,0,road18.wav,3.0
road678.wav,0,road678.wav,3.0
road673.wav,0,road673.wav,3.0
road227.wav,0,road227.wav,3.0
road249.wav,0,road249.wav,3.0
road201.wav,0,road201.wav,3.0
road386.wav,0,road386.wav,3.0
road505.wav,0,road505.wav,3.0
road322.wav,0,road322.wav,3.0
sound_476.wav,0,sound_476.wav,3.0
road528.wav,0,road528.wav,3.0
sound_534.wav,0,sound_534.wav,3.0
road632.wav,0,road632.wav,3.0
5_202020_A_18.wav,0,5_202020_A_18.wav,3.0
5_198891_D_8.wav,0,5_198891_D_8.wav,3.0
road550.wav,0,road550.wav,3.0
road202.wav,0,road202.wav,3.0
5_198321_A_10.wav,0,5_198321_A_10.wav,3.0
road588.wav,0,road588.wav,3.0
road308.wav,0,road308.wav,3.0
sound_655.wav,0,sound_655.wav,3.0
road409.wav,0,road409.wav,3.0
sound_407.wav,0,sound_407.wav,3.0
road862.wav,0,road862.wav,3.0
road414.wav,0,road414.wav,3.0
road35.wav,0,road35.wav,3.0
sound_698.wav,0,sound_698.wav,3.0
sound_638.wav,0,sound_638.wav,3.0
road219.wav,0,road219.wav,3.0
sound_703.wav,0,sound_703.wav,3.0
road85.wav,0,road85.wav,3.0
road271.wav,0,road271.wav,3.0
road607.wav,0,road607.wav,3.0
road579.wav,0,road579.wav,3.0
sound_511.wav,0,sound_511.wav,3.0
road113.wav,0,road113.wav,3.0
road592.wav,0,road592.wav,3.0
sound_495.wav,0,sound_495.wav,3.0
sound_769.wav,0,sound_769.wav,3.0
sound_754.wav,0,sound_754.wav,3.0
5_198891_A_8.wav,0,5_198891_A_8.wav,3.0
sound_508.wav,0,sound_508.wav,3.0
road225.wav,0,road225.wav,3.0
road27.wav,0,road27.wav,3.0
sound_675.wav,0,sound_675.wav,3.0
road394.wav,0,road394.wav,3.0
5_195557_A_19.wav,0,5_195557_A_19.wav,3.0
sound_471.wav,0,sound_471.wav,3.0
road276.wav,0,road276.wav,3.0
road39.wav,0,road39.wav,3.0
road887.wav,0,road887.wav,3.0
5_207836_A_29.wav,0,5_207836_A_29.wav,3.0
sound_549.wav,0,sound_549.wav,3.0
sound_738.wav,0,sound_738.wav,3.0
road400.wav,0,road400.wav,3.0
road200.wav,0,road200.wav,3.0
road566.wav,0,road566.wav,3.0
road134.wav,0,road134.wav,3.0
road222.wav,0,road222.wav,3.0
sound_727.wav,0,sound_727.wav,3.0
road630.wav,0,road630.wav,3.0
sound_686.wav,0,sound_686.wav,3.0
road573.wav,0,road573.wav,3.0
sound_571.wav,0,sound_571.wav,3.0
sound_522.wav,0,sound_522.wav,3.0
sound_459.wav,0,sound_459.wav,3.0
road54.wav,0,road54.wav,3.0
sound_656.wav,0,sound_656.wav,3.0
road431.wav,0,road431.wav,3.0
5_197988_A_46.wav,0,5_197988_A_46.wav,3.0
road138.wav,0,road138.wav,3.0
road866.wav,0,road866.wav,3.0
sound_683.wav,0,sound_683.wav,3.0
sound_529.wav,0,sound_529.wav,3.0
road413.wav,0,road413.wav,3.0
road256.wav,0,road256.wav,3.0
road477.wav,0,road477.wav,3.0
5_195517_A_7.wav,0,5_195517_A_7.wav,3.0
sound_658.wav,0,sound_658.wav,3.0
sound_557.wav,0,sound_557.wav,3.0
road62.wav,0,road62.wav,3.0
road491.wav,0,road491.wav,3.0
5_207836_B_29.wav,0,5_207836_B_29.wav,3.0
sound_437.wav,0,sound_437.wav,3.0
road106.wav,0,road106.wav,3.0
sound_684.wav,0,sound_684.wav,3.0
road856.wav,0,road856.wav,3.0
road612.wav,0,road612.wav,3.0
sound_604.wav,0,sound_604.wav,3.0
sound_747.wav,0,sound_747.wav,3.0
road622.wav,0,road622.wav,3.0
road894.wav,0,road894.wav,3.0
road628.wav,0,road628.wav,3.0
sound_466.wav,0,sound_466.wav,3.0
sound_646.wav,0,sound_646.wav,3.0
road2.wav,0,road2.wav,3.0
road548.wav,0,road548.wav,3.0
road882.wav,0,road882.wav,3.0
road402.wav,0,road402.wav,3.0
5_209833_A_38.wav,0,5_209833_A_38.wav,3.0
road293.wav,0,road293.wav,3.0
road259.wav,0,road259.wav,3.0
sound_661.wav,0,sound_661.wav,3.0
road342.wav,0,road342.wav,3.0
sound_434.wav,0,sound_434.wav,3.0
road468.wav,0,road468.wav,3.0
road385.wav,0,road385.wav,3.0
road80.wav,0,road80.wav,3.0
road527.wav,0,road527.wav,3.0
sound_785.wav,0,sound_785.wav,3.0
road633.wav,0,road633.wav,3.0
road260.wav,0,road260.wav,3.0
road493.wav,0,road493.wav,3.0
5_198278_A_7.wav,0,5_198278_A_7.wav,3.0
road14.wav,0,road14.wav,3.0
road277.wav,0,road277.wav,3.0
road91.wav,0,road91.wav,3.0
sound_550.wav,0,sound_550.wav,3.0
sound_600.wav,0,sound_600.wav,3.0
road318.wav,0,road318.wav,3.0
road676.wav,0,road676.wav,3.0
road411.wav,0,road411.wav,3.0
road577.wav,0,road577.wav,3.0
road864.wav,0,road864.wav,3.0
road679.wav,0,road679.wav,3.0
5_200334_A_1.wav,0,5_200334_A_1.wav,3.0
sound_498.wav,0,sound_498.wav,3.0
sound_535.wav,0,sound_535.wav,3.0
road68.wav,0,road68.wav,3.0
road398.wav,0,road398.wav,3.0
road382.wav,0,road382.wav,3.0
road11.wav,0,road11.wav,3.0
road412.wav,0,road412.wav,3.0
road886.wav,0,road886.wav,3.0
road650.wav,0,road650.wav,3.0
sound_422.wav,0,sound_422.wav,3.0
road507.wav,0,road507.wav,3.0
sound_481.wav,0,sound_481.wav,3.0
sound_599.wav,0,sound_599.wav,3.0
sound_531.wav,0,sound_531.wav,3.0
sound_494.wav,0,sound_494.wav,3.0
sound_817.wav,0,sound_817.wav,3.0
road224.wav,0,road224.wav,3.0
5_194930_A_1.wav,0,5_194930_A_1.wav,3.0
road171.wav,0,road171.wav,3.0
sound_651.wav,0,sound_651.wav,3.0
road610.wav,0,road610.wav,3.0
sound_473.wav,0,sound_473.wav,3.0
sound_777.wav,0,sound_777.wav,3.0
sound_725.wav,0,sound_725.wav,3.0
sound_729.wav,0,sound_729.wav,3.0
road304.wav,0,road304.wav,3.0
road593.wav,0,road593.wav,3.0
road328.wav,0,road328.wav,3.0
road855.wav,0,road855.wav,3.0
road283.wav,0,road283.wav,3.0
sound_581.wav,0,sound_581.wav,3.0
sound_723.wav,0,sound_723.wav,3.0
road79.wav,0,road79.wav,3.0
road511.wav,0,road511.wav,3.0
road461.wav,0,road461.wav,3.0
sound_706.wav,0,sound_706.wav,3.0
road211.wav,0,road211.wav,3.0
sound_705.wav,0,sound_705.wav,3.0
road169.wav,0,road169.wav,3.0
sound_728.wav,0,sound_728.wav,3.0
road210.wav,0,road210.wav,3.0
road223.wav,0,road223.wav,3.0
sound_598.wav,0,sound_598.wav,3.0
road89.wav,0,road89.wav,3.0
road657.wav,0,road657.wav,3.0
road124.wav,0,road124.wav,3.0
sound_468.wav,0,sound_468.wav,3.0
sound_451.wav,0,sound_451.wav,3.0
road502.wav,0,road502.wav,3.0
sound_752.wav,0,sound_752.wav,3.0
sound_667.wav,0,sound_667.wav,3.0
road631.wav,0,road631.wav,3.0
sound_551.wav,0,sound_551.wav,3.0
sound_641.wav,0,sound_641.wav,3.0
road377.wav,0,road377.wav,3.0
sound_540.wav,0,sound_540.wav,3.0
sound_493.wav,0,sound_493.wav,3.0
road875.wav,0,road875.wav,3.0
road172.wav,0,road172.wav,3.0
road371.wav,0,road371.wav,3.0
sound_801.wav,0,sound_801.wav,3.0
road101.wav,0,road101.wav,3.0
road616.wav,0,road616.wav,3.0
sound_639.wav,0,sound_639.wav,3.0
road310.wav,0,road310.wav,3.0
5_208810_A_11.wav,0,5_208810_A_11.wav,3.0
road472.wav,0,road472.wav,3.0
road343.wav,0,road343.wav,3.0
sound_504.wav,0,sound_504.wav,3.0
sound_590.wav,0,sound_590.wav,3.0
5_198411_E_20.wav,0,5_198411_E_20.wav,3.0
road33.wav,0,road33.wav,3.0
road118.wav,0,road118.wav,3.0
road175.wav,0,road175.wav,3.0
sound_792.wav,0,sound_792.wav,3.0
road237.wav,0,road237.wav,3.0
sound_515.wav,0,sound_515.wav,3.0
road556.wav,0,road556.wav,3.0
road890.wav,0,road890.wav,3.0
road116.wav,0,road116.wav,3.0
road879.wav,0,road879.wav,3.0
road257.wav,0,road257.wav,3.0
sound_429.wav,0,sound_429.wav,3.0
road388.wav,0,road388.wav,3.0
road314.wav,0,road314.wav,3.0
road665.wav,0,road665.wav,3.0
sound_671.wav,0,sound_671.wav,3.0
road265.wav,0,road265.wav,3.0
5_208761_A_24.wav,0,5_208761_A_24.wav,3.0
road601.wav,0,road601.wav,3.0
5_198891_C_8.wav,0,5_198891_C_8.wav,3.0
road598.wav,0,road598.wav,3.0
road44.wav,0,road44.wav,3.0
sound_474.wav,0,sound_474.wav,3.0
sound_609.wav,0,sound_609.wav,3.0
road467.wav,0,road467.wav,3.0
sound_523.wav,0,sound_523.wav,3.0
sound_613.wav,0,sound_613.wav,3.0
sound_710.wav,0,sound_710.wav,3.0
road290.wav,0,road290.wav,3.0
5_209719_A_24.wav,0,5_209719_A_24.wav,3.0
sound_458.wav,0,sound_458.wav,3.0
road608.wav,0,road608.wav,3.0
road393.wav,0,road393.wav,3.0
road627.wav,0,road627.wav,3.0
5_212050_A_27.wav,0,5_212050_A_27.wav,3.0
road452.wav,0,road452.wav,3.0
road78.wav,0,road78.wav,3.0
road102.wav,0,road102.wav,3.0
road634.wav,0,road634.wav,3.0
road17.wav,0,road17.wav,3.0
road351.wav,0,road351.wav,3.0
road5.wav,0,road5.wav,3.0
road346.wav,0,road346.wav,3.0
road453.wav,0,road453.wav,3.0
road217.wav,0,road217.wav,3.0
road199.wav,0,road199.wav,3.0
sound_718.wav,0,sound_718.wav,3.0
sound_797.wav,0,sound_797.wav,3.0
road670.wav,0,road670.wav,3.0
road465.wav,0,road465.wav,3.0
5_200329_A_8.wav,0,5_200329_A_8.wav,3.0
road876.wav,0,road876.wav,3.0
5_198373_A_46.wav,0,5_198373_A_46.wav,3.0
road357.wav,0,road357.wav,3.0
5_210571_A_38.wav,0,5_210571_A_38.wav,3.0
road459.wav,0,road459.wav,3.0
sound_488.wav,0,sound_488.wav,3.0
sound_467.wav,0,sound_467.wav,3.0
road111.wav,0,road111.wav,3.0
road423.wav,0,road423.wav,3.0
sound_509.wav,0,sound_509.wav,3.0
sound_441.wav,0,sound_441.wav,3.0
road555.wav,0,road555.wav,3.0
sound_814.wav,0,sound_814.wav,3.0
road244.wav,0,road244.wav,3.0
road335.wav,0,road335.wav,3.0
road433.wav,0,road433.wav,3.0
road348.wav,0,road348.wav,3.0
5_198891_B_8.wav,0,5_198891_B_8.wav,3.0
sound_818.wav,0,sound_818.wav,3.0
road140.wav,0,road140.wav,3.0
road659.wav,0,road659.wav,3.0
road112.wav,0,road112.wav,3.0
road129.wav,0,road129.wav,3.0
road206.wav,0,road206.wav,3.0
road10.wav,0,road10.wav,3.0
road184.wav,0,road184.wav,3.0
road474.wav,0,road474.wav,3.0
road615.wav,0,road615.wav,3.0
road538.wav,0,road538.wav,3.0
road589.wav,0,road589.wav,3.0
road526.wav,0,road526.wav,3.0
road71.wav,0,road71.wav,3.0
sound_687.wav,0,sound_687.wav,3.0
5_203128_B_0.wav,0,5_203128_B_0.wav,3.0
sound_775.wav,0,sound_775.wav,3.0
road128.wav,0,road128.wav,3.0
road90.wav,0,road90.wav,3.0
road194.wav,0,road194.wav,3.0
sound_576.wav,0,sound_576.wav,3.0
road195.wav,0,road195.wav,3.0
road36.wav,0,road36.wav,3.0
road878.wav,0,road878.wav,3.0
road568.wav,0,road568.wav,3.0
sound_790.wav,0,sound_790.wav,3.0
road104.wav,0,road104.wav,3.0
road363.wav,0,road363.wav,3.0
road76.wav,0,road76.wav,3.0
road515.wav,0,road515.wav,3.0
5_207811_B_35.wav,0,5_207811_B_35.wav,3.0
road32.wav,0,road32.wav,3.0
road509.wav,0,road509.wav,3.0
road470.wav,0,road470.wav,3.0
sound_810.wav,0,sound_810.wav,3.0
sound_541.wav,0,sound_541.wav,3.0
sound_763.wav,0,sound_763.wav,3.0
sound_739.wav,0,sound_739.wav,3.0
sound_430.wav,0,sound_430.wav,3.0
sound_634.wav,0,sound_634.wav,3.0
sound_762.wav,0,sound_762.wav,3.0
road302.wav,0,road302.wav,3.0
sound_653.wav,0,sound_653.wav,3.0
road75.wav,0,road75.wav,3.0
5_201274_A_21.wav,0,5_201274_A_21.wav,3.0
sound_552.wav,0,sound_552.wav,3.0
road303.wav,0,road303.wav,3.0
road72.wav,0,road72.wav,3.0
road15.wav,0,road15.wav,3.0
road619.wav,0,road619.wav,3.0
road226.wav,0,road226.wav,3.0
road324.wav,0,road324.wav,3.0
road6.wav,0,road6.wav,3.0
road161.wav,0,road161.wav,3.0
sound_521.wav,0,sound_521.wav,3.0
sound_485.wav,0,sound_485.wav,3.0
sound_713.wav,0,sound_713.wav,3.0
sound_525.wav,0,sound_525.wav,3.0
road144.wav,0,road144.wav,3.0
road197.wav,0,road197.wav,3.0
sound_402.wav,0,sound_402.wav,3.0
road23.wav,0,road23.wav,3.0
road549.wav,0,road549.wav,3.0
road545.wav,0,road545.wav,3.0
road264.wav,0,road264.wav,3.0
sound_537.wav,0,sound_537.wav,3.0
sound_689.wav,0,sound_689.wav,3.0
road539.wav,0,road539.wav,3.0
road135.wav,0,road135.wav,3.0
road513.wav,0,road513.wav,3.0
road208.wav,0,road208.wav,3.0
sound_489.wav,0,sound_489.wav,3.0
road157.wav,0,road157.wav,3.0
road250.wav,0,road250.wav,3.0
road447.wav,0,road447.wav,3.0
sound_722.wav,0,sound_722.wav,3.0
5_198600_A_45.wav,0,5_198600_A_45.wav,3.0
sound_711.wav,0,sound_711.wav,3.0
sound_520.wav,0,sound_520.wav,3.0
sound_427.wav,0,sound_427.wav,3.0
road340.wav,0,road340.wav,3.0
sound_781.wav,0,sound_781.wav,3.0
sound_545.wav,0,sound_545.wav,3.0
road258.wav,0,road258.wav,3.0
road58.wav,0,road58.wav,3.0
sound_649.wav,0,sound_649.wav,3.0
sound_692.wav,0,sound_692.wav,3.0
road599.wav,0,road599.wav,3.0
5_200461_A_11.wav,0,5_200461_A_11.wav,3.0
sound_584.wav,0,sound_584.wav,3.0
sound_543.wav,0,sound_543.wav,3.0
5_205090_A_32.wav,0,5_205090_A_32.wav,3.0
sound_570.wav,0,sound_570.wav,3.0
sound_767.wav,0,sound_767.wav,3.0
sound_677.wav,0,sound_677.wav,3.0
road65.wav,0,road65.wav,3.0
road60.wav,0,road60.wav,3.0
sound_654.wav,0,sound_654.wav,3.0
road159.wav,0,road159.wav,3.0
sound_404.wav,0,sound_404.wav,3.0
road333.wav,0,road333.wav,3.0
road522.wav,0,road522.wav,3.0
road3.wav,0,road3.wav,3.0
road510.wav,0,road510.wav,3.0
sound_668.wav,0,sound_668.wav,3.0
road325.wav,0,road325.wav,3.0
road86.wav,0,road86.wav,3.0
road136.wav,0,road136.wav,3.0
road158.wav,0,road158.wav,3.0
road471.wav,0,road471.wav,3.0
road323.wav,0,road323.wav,3.0
5_197446_A_7.wav,0,5_197446_A_7.wav,3.0
road653.wav,0,road653.wav,3.0
road516.wav,0,road516.wav,3.0
sound_629.wav,0,sound_629.wav,3.0
sound_731.wav,0,sound_731.wav,3.0
road523.wav,0,road523.wav,3.0
road353.wav,0,road353.wav,3.0
sound_426.wav,0,sound_426.wav,3.0
road344.wav,0,road344.wav,3.0
sound_664.wav,0,sound_664.wav,3.0
road863.wav,0,road863.wav,3.0
sound_809.wav,0,sound_809.wav,3.0
road597.wav,0,road597.wav,3.0
road585.wav,0,road585.wav,3.0
sound_544.wav,0,sound_544.wav,3.0
road656.wav,0,road656.wav,3.0
sound_461.wav,0,sound_461.wav,3.0
sound_436.wav,0,sound_436.wav,3.0
sound_821.wav,0,sound_821.wav,3.0
road891.wav,0,road891.wav,3.0
road127.wav,0,road127.wav,3.0
sound_432.wav,0,sound_432.wav,3.0
road120.wav,0,road120.wav,3.0
road66.wav,0,road66.wav,3.0
road658.wav,0,road658.wav,3.0
sound_470.wav,0,sound_470.wav,3.0
road533.wav,0,road533.wav,3.0
5_201664_A_18.wav,0,5_201664_A_18.wav,3.0
road591.wav,0,road591.wav,3.0
road63.wav,0,road63.wav,3.0
road105.wav,0,road105.wav,3.0
road252.wav,0,road252.wav,3.0
sound_665.wav,0,sound_665.wav,3.0
sound_666.wav,0,sound_666.wav,3.0
road880.wav,0,road880.wav,3.0
sound_610.wav,0,sound_610.wav,3.0
sound_806.wav,0,sound_806.wav,3.0
road623.wav,0,road623.wav,3.0
5_197913_A_18.wav,0,5_197913_A_18.wav,3.0
sound_799.wav,0,sound_799.wav,3.0
road520.wav,0,road520.wav,3.0
sound_615.wav,0,sound_615.wav,3.0
road24.wav,0,road24.wav,3.0
road164.wav,0,road164.wav,3.0
road521.wav,0,road521.wav,3.0
road332.wav,0,road332.wav,3.0
road618.wav,0,road618.wav,3.0
5_198411_C_20.wav,0,5_198411_C_20.wav,3.0
sound_811.wav,0,sound_811.wav,3.0
sound_761.wav,0,sound_761.wav,3.0
road143.wav,0,road143.wav,3.0
road232.wav,0,road232.wav,3.0
sound_462.wav,0,sound_462.wav,3.0
road48.wav,0,road48.wav,3.0
road662.wav,0,road662.wav,3.0
road278.wav,0,road278.wav,3.0
road176.wav,0,road176.wav,3.0
road517.wav,0,road517.wav,3.0
sound_423.wav,0,sound_423.wav,3.0
road233.wav,0,road233.wav,3.0
sound_553.wav,0,sound_553.wav,3.0
road621.wav,0,road621.wav,3.0
road508.wav,0,road508.wav,3.0
road586.wav,0,road586.wav,3.0
sound_457.wav,0,sound_457.wav,3.0
sound_669.wav,0,sound_669.wav,3.0
sound_582.wav,0,sound_582.wav,3.0
road279.wav,0,road279.wav,3.0
sound_528.wav,0,sound_528.wav,3.0
road603.wav,0,road603.wav,3.0
5_212730_A_17.wav,0,5_212730_A_17.wav,3.0
sound_714.wav,0,sound_714.wav,3.0
sound_751.wav,0,sound_751.wav,3.0
road339.wav,0,road339.wav,3.0
5_203128_A_0.wav,0,5_203128_A_0.wav,3.0
road582.wav,0,road582.wav,3.0
sound_618.wav,0,sound_618.wav,3.0
sound_420.wav,0,sound_420.wav,3.0
road429.wav,0,road429.wav,3.0
road614.wav,0,road614.wav,3.0
sound_724.wav,0,sound_724.wav,3.0
road269.wav,0,road269.wav,3.0
road403.wav,0,road403.wav,3.0
sound_478.wav,0,sound_478.wav,3.0
road874.wav,0,road874.wav,3.0
road417.wav,0,road417.wav,3.0
road504.wav,0,road504.wav,3.0
road370.wav,0,road370.wav,3.0
sound_690.wav,0,sound_690.wav,3.0
sound_578.wav,0,sound_578.wav,3.0
road154.wav,0,road154.wav,3.0
road119.wav,0,road119.wav,3.0
road236.wav,0,road236.wav,3.0
sound_524.wav,0,sound_524.wav,3.0
road95.wav,0,road95.wav,3.0
sound_567.wav,0,sound_567.wav,3.0
sound_771.wav,0,sound_771.wav,3.0
road446.wav,0,road446.wav,3.0
road489.wav,0,road489.wav,3.0
sound_702.wav,0,sound_702.wav,3.0
road20.wav,0,road20.wav,3.0
road870.wav,0,road870.wav,3.0
5_207836_C_29.wav,0,5_207836_C_29.wav,3.0
road362.wav,0,road362.wav,3.0
road196.wav,0,road196.wav,3.0
sound_749.wav,0,sound_749.wav,3.0
5_210612_A_37.wav,0,5_210612_A_37.wav,3.0
sound_577.wav,0,sound_577.wav,3.0
sound_816.wav,0,sound_816.wav,3.0
5_194930_B_1.wav,0,5_194930_B_1.wav,3.0
sound_742.wav,0,sound_742.wav,3.0
5_213077_A_11.wav,0,5_213077_A_11.wav,3.0
sound_766.wav,0,sound_766.wav,3.0
road454.wav,0,road454.wav,3.0
road45.wav,0,road45.wav,3.0
road350.wav,0,road350.wav,3.0
sound_602.wav,0,sound_602.wav,3.0
5_207681_A_24.wav,0,5_207681_A_24.wav,3.0
5_204352_A_13.wav,0,5_204352_A_13.wav,3.0
sound_546.wav,0,sound_546.wav,3.0
5_209698_A_38.wav,0,5_209698_A_38.wav,3.0
road404.wav,0,road404.wav,3.0
sound_640.wav,0,sound_640.wav,3.0
road530.wav,0,road530.wav,3.0
sound_565.wav,0,sound_565.wav,3.0
sound_455.wav,0,sound_455.wav,3.0
road142.wav,0,road142.wav,3.0
road445.wav,0,road445.wav,3.0
road160.wav,0,road160.wav,3.0
road475.wav,0,road475.wav,3.0
sound_815.wav,0,sound_815.wav,3.0
5_205589_A_17.wav,0,5_205589_A_17.wav,3.0
road255.wav,0,road255.wav,3.0
road853.wav,0,road853.wav,3.0
road436.wav,0,road436.wav,3.0
sound_820.wav,0,sound_820.wav,3.0
road575.wav,0,road575.wav,3.0
road373.wav,0,road373.wav,3.0
road900.wav,0,road900.wav,3.0
road595.wav,0,road595.wav,3.0
sound_636.wav,0,sound_636.wav,3.0
road137.wav,0,road137.wav,3.0
sound_587.wav,0,sound_587.wav,3.0
sound_456.wav,0,sound_456.wav,3.0
road484.wav,0,road484.wav,3.0
road81.wav,0,road81.wav,3.0
road240.wav,0,road240.wav,3.0
sound_591.wav,0,sound_591.wav,3.0
road319.wav,0,road319.wav,3.0
sound_680.wav,0,sound_680.wav,3.0
road532.wav,0,road532.wav,3.0
sound_408.wav,0,sound_408.wav,3.0
sound_452.wav,0,sound_452.wav,3.0
road228.wav,0,road228.wav,3.0
sound_740.wav,0,sound_740.wav,3.0
sound_743.wav,0,sound_743.wav,3.0
sound_419.wav,0,sound_419.wav,3.0
sound_556.wav,0,sound_556.wav,3.0
5_212181_A_38.wav,0,5_212181_A_38.wav,3.0
road274.wav,0,road274.wav,3.0
5_194899_D_3.wav,0,5_194899_D_3.wav,3.0
road395.wav,0,road395.wav,3.0
road572.wav,0,road572.wav,3.0
sound_460.wav,0,sound_460.wav,3.0
road495.wav,0,road495.wav,3.0
sound_733.wav,0,sound_733.wav,3.0
sound_411.wav,0,sound_411.wav,3.0
road185.wav,0,road185.wav,3.0
road892.wav,0,road892.wav,3.0
road544.wav,0,road544.wav,3.0
sound_788.wav,0,sound_788.wav,3.0
5_197121_B_45.wav,0,5_197121_B_45.wav,3.0
5_198411_F_20.wav,0,5_198411_F_20.wav,3.0
sound_662.wav,0,sound_662.wav,3.0
sound_614.wav,0,sound_614.wav,3.0
road466.wav,0,road466.wav,3.0
road152.wav,0,road152.wav,3.0
sound_503.wav,0,sound_503.wav,3.0
road100.wav,0,road100.wav,3.0
sound_487.wav,0,sound_487.wav,3.0
road165.wav,0,road165.wav,3.0
sound_539.wav,0,sound_539.wav,3.0
road162.wav,0,road162.wav,3.0
5_194899_B_3.wav,0,5_194899_B_3.wav,3.0
road241.wav,0,road241.wav,3.0
road636.wav,0,road636.wav,3.0
road600.wav,0,road600.wav,3.0
sound_783.wav,0,sound_783.wav,3.0
sound_650.wav,0,sound_650.wav,3.0
sound_449.wav,0,sound_449.wav,3.0
road243.wav,0,road243.wav,3.0
road406.wav,0,road406.wav,3.0
road674.wav,0,road674.wav,3.0
road580.wav,0,road580.wav,3.0
road183.wav,0,road183.wav,3.0
road359.wav,0,road359.wav,3.0
sound_507.wav,0,sound_507.wav,3.0
sound_688.wav,0,sound_688.wav,3.0
sound_625.wav,0,sound_625.wav,3.0
road640.wav,0,road640.wav,3.0
sound_807.wav,0,sound_807.wav,3.0
sound_772.wav,0,sound_772.wav,3.0
road884.wav,0,road884.wav,3.0
sound_717.wav,0,sound_717.wav,3.0
road187.wav,0,road187.wav,3.0
sound_606.wav,0,sound_606.wav,3.0
road38.wav,0,road38.wav,3.0
road901.wav,0,road901.wav,3.0
road857.wav,0,road857.wav,3.0
road67.wav,0,road67.wav,3.0
road16.wav,0,road16.wav,3.0
road313.wav,0,road313.wav,3.0
sound_443.wav,0,sound_443.wav,3.0
road83.wav,0,road83.wav,3.0
road554.wav,0,road554.wav,3.0
sound_768.wav,0,sound_768.wav,3.0
sound_709.wav,0,sound_709.wav,3.0
road193.wav,0,road193.wav,3.0
sound_499.wav,0,sound_499.wav,3.0
road329.wav,0,road329.wav,3.0
road286.wav,0,road286.wav,3.0
road574.wav,0,road574.wav,3.0
